u,v,distance_km,kind,weight_ms,load_per_unit
0,1,835.7591613192835,intra,3.2877924844903323,0.0
1,2,835.7591613192835,intra,3.2877924844903323,0.0
2,3,835.7591613192835,intra,3.2877924844903323,0.0
3,4,835.7591613192835,intra,3.2877924844903323,0.0
4,5,835.7591613192835,intra,3.2877924844903323,0.0
5,6,835.7591613192835,intra,3.2877924844903323,0.0
6,7,835.7591613192835,intra,3.2877924844903323,0.0
7,8,835.7591613192835,intra,3.2877924844903323,0.0
8,9,835.7591613192835,intra,3.2877924844903323,0.0
9,10,835.7591613192835,intra,3.2877924844903323,0.0
10,11,835.7591613192835,intra,3.2877924844903323,0.0
11,12,835.7591613192835,intra,3.2877924844903323,0.0
12,13,835.7591613192835,intra,3.2877924844903323,0.0
13,14,835.7591613192835,intra,3.2877924844903323,0.0
14,15,835.7591613192835,intra,3.2877924844903323,0.0
15,16,835.7591613192835,intra,3.2877924844903323,0.0
16,17,835.7591613192835,intra,3.2877924844903323,0.0
17,18,835.7591613192835,intra,3.2877924844903323,0.015873015873015872
18,19,835.7591613192835,intra,3.2877924844903323,0.014285714285714284
19,20,835.7591613192835,intra,3.2877924844903323,0.014285714285714284
20,21,835.7591613192835,intra,3.2877924844903323,0.014285714285714284
21,22,835.7591613192835,intra,3.2877924844903323,0.01111111111111111
22,23,835.7591613192835,intra,3.2877924844903323,0.007936507936507936
23,24,835.7591613192835,intra,3.2877924844903323,0.006349206349206349
24,25,835.7591613192835,intra,3.2877924844903323,0.0031746031746031746
25,26,835.7591613192835,intra,3.2877924844903323,0.0015873015873015873
26,27,835.7591613192835,intra,3.2877924844903323,0.0
27,28,835.7591613192835,intra,3.2877924844903323,0.0
28,29,835.7591613192835,intra,3.2877924844903323,0.0
29,30,835.7591613192835,intra,3.2877924844903323,0.0
30,31,835.7591613192835,intra,3.2877924844903323,0.0
31,32,835.7591613192835,intra,3.2877924844903323,0.0
32,33,835.7591613192835,intra,3.2877924844903323,0.0
33,34,835.7591613192835,intra,3.2877924844903323,0.0
34,35,835.7591613192835,intra,3.2877924844903323,0.0
35,36,835.7591613192835,intra,3.2877924844903323,0.0
36,37,835.7591613192835,intra,3.2877924844903323,0.0
37,38,835.7591613192835,intra,3.2877924844903323,0.0
38,39,835.7591613192835,intra,3.2877924844903323,0.0
39,40,835.7591613192835,intra,3.2877924844903323,0.0
40,41,835.7591613192835,intra,3.2877924844903323,0.0
41,42,835.7591613192835,intra,3.2877924844903323,0.0
42,43,835.7591613192835,intra,3.2877924844903323,0.0
43,44,835.7591613192835,intra,3.2877924844903323,0.0
44,45,835.7591613192835,intra,3.2877924844903323,0.0
45,46,835.7591613192835,intra,3.2877924844903323,0.0
46,47,835.7591613192835,intra,3.2877924844903323,0.0
47,48,835.7591613192835,intra,3.2877924844903323,0.0
48,49,835.7591613192835,intra,3.2877924844903323,0.0
49,50,835.7591613192835,intra,3.2877924844903323,0.0
50,51,835.7591613192835,intra,3.2877924844903323,0.0
0,51,835.7591613192835,intra,3.2877924844903323,0.0
52,53,835.7591613192835,intra,3.2877924844903323,0.0
53,54,835.7591613192835,intra,3.2877924844903323,0.0
54,55,835.7591613192835,intra,3.2877924844903323,0.0
55,56,835.7591613192835,intra,3.2877924844903323,0.0
56,57,835.7591613192835,intra,3.2877924844903323,0.0
57,58,835.7591613192835,intra,3.2877924844903323,0.0
58,59,835.7591613192835,intra,3.2877924844903323,0.0
59,60,835.7591613192835,intra,3.2877924844903323,0.0
60,61,835.7591613192835,intra,3.2877924844903323,0.0
61,62,835.7591613192835,intra,3.2877924844903323,0.0
62,63,835.7591613192835,intra,3.2877924844903323,0.0
63,64,835.7591613192835,intra,3.2877924844903323,0.0
64,65,835.7591613192835,intra,3.2877924844903323,0.0
65,66,835.7591613192835,intra,3.2877924844903323,0.0
66,67,835.7591613192835,intra,3.2877924844903323,0.0
67,68,835.7591613192835,intra,3.2877924844903323,0.0
68,69,835.7591613192835,intra,3.2877924844903323,0.0
69,70,835.7591613192835,intra,3.2877924844903323,0.01746031746031746
70,71,835.7591613192835,intra,3.2877924844903323,0.03015873015873017
71,72,835.7591613192835,intra,3.2877924844903323,0.023809523809523815
72,73,835.7591613192835,intra,3.2877924844903323,0.022222222222222227
73,74,835.7591613192835,intra,3.2877924844903323,0.015873015873015872
74,75,835.7591613192835,intra,3.2877924844903323,0.012698412698412697
75,76,835.7591613192835,intra,3.2877924844903323,0.006349206349206349
76,77,835.7591613192835,intra,3.2877924844903323,0.0031746031746031746
77,78,835.7591613192835,intra,3.2877924844903323,0.0
78,79,835.7591613192835,intra,3.2877924844903323,0.0
79,80,835.7591613192835,intra,3.2877924844903323,0.0
80,81,835.7591613192835,intra,3.2877924844903323,0.0
81,82,835.7591613192835,intra,3.2877924844903323,0.0
82,83,835.7591613192835,intra,3.2877924844903323,0.0
83,84,835.7591613192835,intra,3.2877924844903323,0.0
84,85,835.7591613192835,intra,3.2877924844903323,0.0
85,86,835.7591613192835,intra,3.2877924844903323,0.0
86,87,835.7591613192835,intra,3.2877924844903323,0.0
87,88,835.7591613192835,intra,3.2877924844903323,0.0
88,89,835.7591613192835,intra,3.2877924844903323,0.0
89,90,835.7591613192835,intra,3.2877924844903323,0.0
90,91,835.7591613192835,intra,3.2877924844903323,0.0
91,92,835.7591613192835,intra,3.2877924844903323,0.0
92,93,835.7591613192835,intra,3.2877924844903323,0.0
93,94,835.7591613192835,intra,3.2877924844903323,0.0
94,95,835.7591613192835,intra,3.2877924844903323,0.0
95,96,835.7591613192835,intra,3.2877924844903323,0.0
96,97,835.7591613192835,intra,3.2877924844903323,0.0
97,98,835.7591613192835,intra,3.2877924844903323,0.0
98,99,835.7591613192835,intra,3.2877924844903323,0.0
99,100,835.7591613192835,intra,3.2877924844903323,0.0
100,101,835.7591613192835,intra,3.2877924844903323,0.0
101,102,835.7591613192835,intra,3.2877924844903323,0.0
102,103,835.7591613192835,intra,3.2877924844903323,0.0
52,103,835.7591613192835,intra,3.2877924844903323,0.0
104,105,835.7591613192835,intra,3.2877924844903323,0.0
105,106,835.7591613192835,intra,3.2877924844903323,0.0
106,107,835.7591613192835,intra,3.2877924844903323,0.0
107,108,835.7591613192835,intra,3.2877924844903323,0.0
108,109,835.7591613192835,intra,3.2877924844903323,0.0
109,110,835.7591613192835,intra,3.2877924844903323,0.0
110,111,835.7591613192835,intra,3.2877924844903323,0.0
111,112,835.7591613192835,intra,3.2877924844903323,0.0
112,113,835.7591613192835,intra,3.2877924844903323,0.0
113,114,835.7591613192835,intra,3.2877924844903323,0.0
114,115,835.7591613192835,intra,3.2877924844903323,0.0
115,116,835.7591613192835,intra,3.2877924844903323,0.0
116,117,835.7591613192835,intra,3.2877924844903323,0.0
117,118,835.7591613192835,intra,3.2877924844903323,0.0
118,119,835.7591613192835,intra,3.2877924844903323,0.0
119,120,835.7591613192835,intra,3.2877924844903323,0.0
120,121,835.7591613192835,intra,3.2877924844903323,0.0
121,122,835.7591613192835,intra,3.2877924844903323,0.0
122,123,835.7591613192835,intra,3.2877924844903323,0.0015873015873015873
123,124,835.7591613192835,intra,3.2877924844903323,0.0015873015873015873
124,125,835.7591613192835,intra,3.2877924844903323,0.0
125,126,835.7591613192835,intra,3.2877924844903323,0.0
126,127,835.7591613192835,intra,3.2877924844903323,0.0
127,128,835.7591613192835,intra,3.2877924844903323,0.0
128,129,835.7591613192835,intra,3.2877924844903323,0.0
129,130,835.7591613192835,intra,3.2877924844903323,0.0
130,131,835.7591613192835,intra,3.2877924844903323,0.0
131,132,835.7591613192835,intra,3.2877924844903323,0.0
132,133,835.7591613192835,intra,3.2877924844903323,0.0
133,134,835.7591613192835,intra,3.2877924844903323,0.0
134,135,835.7591613192835,intra,3.2877924844903323,0.0
135,136,835.7591613192835,intra,3.2877924844903323,0.0
136,137,835.7591613192835,intra,3.2877924844903323,0.0
137,138,835.7591613192835,intra,3.2877924844903323,0.0
138,139,835.7591613192835,intra,3.2877924844903323,0.0
139,140,835.7591613192835,intra,3.2877924844903323,0.0
140,141,835.7591613192835,intra,3.2877924844903323,0.0
141,142,835.7591613192835,intra,3.2877924844903323,0.0
142,143,835.7591613192835,intra,3.2877924844903323,0.0
143,144,835.7591613192835,intra,3.2877924844903323,0.0
144,145,835.7591613192835,intra,3.2877924844903323,0.0
145,146,835.7591613192835,intra,3.2877924844903323,0.0
146,147,835.7591613192835,intra,3.2877924844903323,0.0
147,148,835.7591613192835,intra,3.2877924844903323,0.0
148,149,835.7591613192835,intra,3.2877924844903323,0.0
149,150,835.7591613192835,intra,3.2877924844903323,0.0
150,151,835.7591613192835,intra,3.2877924844903323,0.0
151,152,835.7591613192835,intra,3.2877924844903323,0.0
152,153,835.7591613192835,intra,3.2877924844903323,0.0
153,154,835.7591613192835,intra,3.2877924844903323,0.0
154,155,835.7591613192835,intra,3.2877924844903323,0.0
104,155,835.7591613192835,intra,3.2877924844903323,0.0
156,157,835.7591613192835,intra,3.2877924844903323,0.0
157,158,835.7591613192835,intra,3.2877924844903323,0.0
158,159,835.7591613192835,intra,3.2877924844903323,0.0
159,160,835.7591613192835,intra,3.2877924844903323,0.0
160,161,835.7591613192835,intra,3.2877924844903323,0.0
161,162,835.7591613192835,intra,3.2877924844903323,0.0
162,163,835.7591613192835,intra,3.2877924844903323,0.0
163,164,835.7591613192835,intra,3.2877924844903323,0.0
164,165,835.7591613192835,intra,3.2877924844903323,0.0
165,166,835.7591613192835,intra,3.2877924844903323,0.0
166,167,835.7591613192835,intra,3.2877924844903323,0.0
167,168,835.7591613192835,intra,3.2877924844903323,0.0
168,169,835.7591613192835,intra,3.2877924844903323,0.0
169,170,835.7591613192835,intra,3.2877924844903323,0.0
170,171,835.7591613192835,intra,3.2877924844903323,0.0
171,172,835.7591613192835,intra,3.2877924844903323,0.0396825396825397
172,173,835.7591613192835,intra,3.2877924844903323,0.03333333333333335
173,174,835.7591613192835,intra,3.2877924844903323,0.025396825396825404
174,175,835.7591613192835,intra,3.2877924844903323,0.01904761904761905
175,176,835.7591613192835,intra,3.2877924844903323,0.012698412698412697
176,177,835.7591613192835,intra,3.2877924844903323,0.007936507936507936
177,178,835.7591613192835,intra,3.2877924844903323,0.0031746031746031746
178,179,835.7591613192835,intra,3.2877924844903323,0.0015873015873015873
179,180,835.7591613192835,intra,3.2877924844903323,0.0
180,181,835.7591613192835,intra,3.2877924844903323,0.0
181,182,835.7591613192835,intra,3.2877924844903323,0.0
182,183,835.7591613192835,intra,3.2877924844903323,0.0
183,184,835.7591613192835,intra,3.2877924844903323,0.0
184,185,835.7591613192835,intra,3.2877924844903323,0.0
185,186,835.7591613192835,intra,3.2877924844903323,0.0
186,187,835.7591613192835,intra,3.2877924844903323,0.0
187,188,835.7591613192835,intra,3.2877924844903323,0.0
188,189,835.7591613192835,intra,3.2877924844903323,0.0
189,190,835.7591613192835,intra,3.2877924844903323,0.0
190,191,835.7591613192835,intra,3.2877924844903323,0.0
191,192,835.7591613192835,intra,3.2877924844903323,0.0
192,193,835.7591613192835,intra,3.2877924844903323,0.0
193,194,835.7591613192835,intra,3.2877924844903323,0.0
194,195,835.7591613192835,intra,3.2877924844903323,0.0
195,196,835.7591613192835,intra,3.2877924844903323,0.0
196,197,835.7591613192835,intra,3.2877924844903323,0.0
197,198,835.7591613192835,intra,3.2877924844903323,0.0
198,199,835.7591613192835,intra,3.2877924844903323,0.0
199,200,835.7591613192835,intra,3.2877924844903323,0.0
200,201,835.7591613192835,intra,3.2877924844903323,0.0
201,202,835.7591613192835,intra,3.2877924844903323,0.0
202,203,835.7591613192835,intra,3.2877924844903323,0.0
203,204,835.7591613192835,intra,3.2877924844903323,0.0
204,205,835.7591613192835,intra,3.2877924844903323,0.0
205,206,835.7591613192835,intra,3.2877924844903323,0.0
206,207,835.7591613192835,intra,3.2877924844903323,0.0
156,207,835.7591613192835,intra,3.2877924844903323,0.0
208,209,835.7591613192835,intra,3.2877924844903323,0.0
209,210,835.7591613192835,intra,3.2877924844903323,0.0
210,211,835.7591613192835,intra,3.2877924844903323,0.0
211,212,835.7591613192835,intra,3.2877924844903323,0.0
212,213,835.7591613192835,intra,3.2877924844903323,0.0
213,214,835.7591613192835,intra,3.2877924844903323,0.0
214,215,835.7591613192835,intra,3.2877924844903323,0.0
215,216,835.7591613192835,intra,3.2877924844903323,0.0
216,217,835.7591613192835,intra,3.2877924844903323,0.0
217,218,835.7591613192835,intra,3.2877924844903323,0.0
218,219,835.7591613192835,intra,3.2877924844903323,0.0
219,220,835.7591613192835,intra,3.2877924844903323,0.0
220,221,835.7591613192835,intra,3.2877924844903323,0.0
221,222,835.7591613192835,intra,3.2877924844903323,0.0
222,223,835.7591613192835,intra,3.2877924844903323,0.0
223,224,835.7591613192835,intra,3.2877924844903323,0.0
224,225,835.7591613192835,intra,3.2877924844903323,0.0
225,226,835.7591613192835,intra,3.2877924844903323,0.0
226,227,835.7591613192835,intra,3.2877924844903323,0.0
227,228,835.7591613192835,intra,3.2877924844903323,0.0
228,229,835.7591613192835,intra,3.2877924844903323,0.0
229,230,835.7591613192835,intra,3.2877924844903323,0.0
230,231,835.7591613192835,intra,3.2877924844903323,0.0
231,232,835.7591613192835,intra,3.2877924844903323,0.0
232,233,835.7591613192835,intra,3.2877924844903323,0.0
233,234,835.7591613192835,intra,3.2877924844903323,0.0
234,235,835.7591613192835,intra,3.2877924844903323,0.0
235,236,835.7591613192835,intra,3.2877924844903323,0.0
236,237,835.7591613192835,intra,3.2877924844903323,0.0
237,238,835.7591613192835,intra,3.2877924844903323,0.0
238,239,835.7591613192835,intra,3.2877924844903323,0.0
239,240,835.7591613192835,intra,3.2877924844903323,0.0
240,241,835.7591613192835,intra,3.2877924844903323,0.0
241,242,835.7591613192835,intra,3.2877924844903323,0.0
242,243,835.7591613192835,intra,3.2877924844903323,0.0
243,244,835.7591613192835,intra,3.2877924844903323,0.0
244,245,835.7591613192835,intra,3.2877924844903323,0.0
245,246,835.7591613192835,intra,3.2877924844903323,0.0
246,247,835.7591613192835,intra,3.2877924844903323,0.0
247,248,835.7591613192835,intra,3.2877924844903323,0.0
248,249,835.7591613192835,intra,3.2877924844903323,0.0
249,250,835.7591613192835,intra,3.2877924844903323,0.0
250,251,835.7591613192835,intra,3.2877924844903323,0.0
251,252,835.7591613192835,intra,3.2877924844903323,0.0
252,253,835.7591613192835,intra,3.2877924844903323,0.0
253,254,835.7591613192835,intra,3.2877924844903323,0.0
254,255,835.7591613192835,intra,3.2877924844903323,0.0
255,256,835.7591613192835,intra,3.2877924844903323,0.0
256,257,835.7591613192835,intra,3.2877924844903323,0.0
257,258,835.7591613192835,intra,3.2877924844903323,0.0
258,259,835.7591613192835,intra,3.2877924844903323,0.0
208,259,835.7591613192835,intra,3.2877924844903323,0.0
260,261,835.7591613192835,intra,3.2877924844903323,0.0
261,262,835.7591613192835,intra,3.2877924844903323,0.0
262,263,835.7591613192835,intra,3.2877924844903323,0.0
263,264,835.7591613192835,intra,3.2877924844903323,0.0
264,265,835.7591613192835,intra,3.2877924844903323,0.0
265,266,835.7591613192835,intra,3.2877924844903323,0.0
266,267,835.7591613192835,intra,3.2877924844903323,0.0
267,268,835.7591613192835,intra,3.2877924844903323,0.0
268,269,835.7591613192835,intra,3.2877924844903323,0.0
269,270,835.7591613192835,intra,3.2877924844903323,0.0
270,271,835.7591613192835,intra,3.2877924844903323,0.0
271,272,835.7591613192835,intra,3.2877924844903323,0.0
272,273,835.7591613192835,intra,3.2877924844903323,0.0
273,274,835.7591613192835,intra,3.2877924844903323,0.0
274,275,835.7591613192835,intra,3.2877924844903323,0.0
275,276,835.7591613192835,intra,3.2877924844903323,0.0
276,277,835.7591613192835,intra,3.2877924844903323,0.0
277,278,835.7591613192835,intra,3.2877924844903323,0.0
278,279,835.7591613192835,intra,3.2877924844903323,0.0
279,280,835.7591613192835,intra,3.2877924844903323,0.0
280,281,835.7591613192835,intra,3.2877924844903323,0.0
281,282,835.7591613192835,intra,3.2877924844903323,0.0
282,283,835.7591613192835,intra,3.2877924844903323,0.0
283,284,835.7591613192835,intra,3.2877924844903323,0.0
284,285,835.7591613192835,intra,3.2877924844903323,0.0
285,286,835.7591613192835,intra,3.2877924844903323,0.0
286,287,835.7591613192835,intra,3.2877924844903323,0.0
287,288,835.7591613192835,intra,3.2877924844903323,0.0
288,289,835.7591613192835,intra,3.2877924844903323,0.0
289,290,835.7591613192835,intra,3.2877924844903323,0.0
290,291,835.7591613192835,intra,3.2877924844903323,0.0
291,292,835.7591613192835,intra,3.2877924844903323,0.0
292,293,835.7591613192835,intra,3.2877924844903323,0.0
293,294,835.7591613192835,intra,3.2877924844903323,0.0
294,295,835.7591613192835,intra,3.2877924844903323,0.0
295,296,835.7591613192835,intra,3.2877924844903323,0.0
296,297,835.7591613192835,intra,3.2877924844903323,0.0
297,298,835.7591613192835,intra,3.2877924844903323,0.0
298,299,835.7591613192835,intra,3.2877924844903323,0.0
299,300,835.7591613192835,intra,3.2877924844903323,0.0
300,301,835.7591613192835,intra,3.2877924844903323,0.0
301,302,835.7591613192835,intra,3.2877924844903323,0.0
302,303,835.7591613192835,intra,3.2877924844903323,0.0
303,304,835.7591613192835,intra,3.2877924844903323,0.0
304,305,835.7591613192835,intra,3.2877924844903323,0.0
305,306,835.7591613192835,intra,3.2877924844903323,0.0
306,307,835.7591613192835,intra,3.2877924844903323,0.0
307,308,835.7591613192835,intra,3.2877924844903323,0.0
308,309,835.7591613192835,intra,3.2877924844903323,0.0
309,310,835.7591613192835,intra,3.2877924844903323,0.0
310,311,835.7591613192835,intra,3.2877924844903323,0.0
260,311,835.7591613192835,intra,3.2877924844903323,0.0
312,313,835.7591613192835,intra,3.2877924844903323,0.0
313,314,835.7591613192835,intra,3.2877924844903323,0.0
314,315,835.7591613192835,intra,3.2877924844903323,0.0
315,316,835.7591613192835,intra,3.2877924844903323,0.0
316,317,835.7591613192835,intra,3.2877924844903323,0.0
317,318,835.7591613192835,intra,3.2877924844903323,0.0
318,319,835.7591613192835,intra,3.2877924844903323,0.0
319,320,835.7591613192835,intra,3.2877924844903323,0.0
320,321,835.7591613192835,intra,3.2877924844903323,0.0
321,322,835.7591613192835,intra,3.2877924844903323,0.0
322,323,835.7591613192835,intra,3.2877924844903323,0.0
323,324,835.7591613192835,intra,3.2877924844903323,0.0
324,325,835.7591613192835,intra,3.2877924844903323,0.0
325,326,835.7591613192835,intra,3.2877924844903323,0.0
326,327,835.7591613192835,intra,3.2877924844903323,0.0
327,328,835.7591613192835,intra,3.2877924844903323,0.0
328,329,835.7591613192835,intra,3.2877924844903323,0.0
329,330,835.7591613192835,intra,3.2877924844903323,0.0
330,331,835.7591613192835,intra,3.2877924844903323,0.0
331,332,835.7591613192835,intra,3.2877924844903323,0.0
332,333,835.7591613192835,intra,3.2877924844903323,0.0
333,334,835.7591613192835,intra,3.2877924844903323,0.0
334,335,835.7591613192835,intra,3.2877924844903323,0.0
335,336,835.7591613192835,intra,3.2877924844903323,0.0
336,337,835.7591613192835,intra,3.2877924844903323,0.0
337,338,835.7591613192835,intra,3.2877924844903323,0.0
338,339,835.7591613192835,intra,3.2877924844903323,0.0
339,340,835.7591613192835,intra,3.2877924844903323,0.0
340,341,835.7591613192835,intra,3.2877924844903323,0.0
341,342,835.7591613192835,intra,3.2877924844903323,0.0
342,343,835.7591613192835,intra,3.2877924844903323,0.0
343,344,835.7591613192835,intra,3.2877924844903323,0.0
344,345,835.7591613192835,intra,3.2877924844903323,0.0
345,346,835.7591613192835,intra,3.2877924844903323,0.0
346,347,835.7591613192835,intra,3.2877924844903323,0.0
347,348,835.7591613192835,intra,3.2877924844903323,0.0
348,349,835.7591613192835,intra,3.2877924844903323,0.0
349,350,835.7591613192835,intra,3.2877924844903323,0.0
350,351,835.7591613192835,intra,3.2877924844903323,0.0
351,352,835.7591613192835,intra,3.2877924844903323,0.0
352,353,835.7591613192835,intra,3.2877924844903323,0.0
353,354,835.7591613192835,intra,3.2877924844903323,0.0
354,355,835.7591613192835,intra,3.2877924844903323,0.0
355,356,835.7591613192835,intra,3.2877924844903323,0.0
356,357,835.7591613192835,intra,3.2877924844903323,0.0
357,358,835.7591613192835,intra,3.2877924844903323,0.0
358,359,835.7591613192835,intra,3.2877924844903323,0.0
359,360,835.7591613192835,intra,3.2877924844903323,0.0
360,361,835.7591613192835,intra,3.2877924844903323,0.0
361,362,835.7591613192835,intra,3.2877924844903323,0.0
362,363,835.7591613192835,intra,3.2877924844903323,0.0
312,363,835.7591613192835,intra,3.2877924844903323,0.0
364,365,835.7591613192835,intra,3.2877924844903323,0.0
365,366,835.7591613192835,intra,3.2877924844903323,0.0
366,367,835.7591613192835,intra,3.2877924844903323,0.0
367,368,835.7591613192835,intra,3.2877924844903323,0.0
368,369,835.7591613192835,intra,3.2877924844903323,0.0
369,370,835.7591613192835,intra,3.2877924844903323,0.0
370,371,835.7591613192835,intra,3.2877924844903323,0.0
371,372,835.7591613192835,intra,3.2877924844903323,0.0
372,373,835.7591613192835,intra,3.2877924844903323,0.0
373,374,835.7591613192835,intra,3.2877924844903323,0.0
374,375,835.7591613192835,intra,3.2877924844903323,0.0
375,376,835.7591613192835,intra,3.2877924844903323,0.0
376,377,835.7591613192835,intra,3.2877924844903323,0.0
377,378,835.7591613192835,intra,3.2877924844903323,0.0
378,379,835.7591613192835,intra,3.2877924844903323,0.0
379,380,835.7591613192835,intra,3.2877924844903323,0.0
380,381,835.7591613192835,intra,3.2877924844903323,0.0
381,382,835.7591613192835,intra,3.2877924844903323,0.0
382,383,835.7591613192835,intra,3.2877924844903323,0.0
383,384,835.7591613192835,intra,3.2877924844903323,0.0
384,385,835.7591613192835,intra,3.2877924844903323,0.0
385,386,835.7591613192835,intra,3.2877924844903323,0.0
386,387,835.7591613192835,intra,3.2877924844903323,0.0
387,388,835.7591613192835,intra,3.2877924844903323,0.0
388,389,835.7591613192835,intra,3.2877924844903323,0.0
389,390,835.7591613192835,intra,3.2877924844903323,0.0
390,391,835.7591613192835,intra,3.2877924844903323,0.0
391,392,835.7591613192835,intra,3.2877924844903323,0.0
392,393,835.7591613192835,intra,3.2877924844903323,0.0
393,394,835.7591613192835,intra,3.2877924844903323,0.0
394,395,835.7591613192835,intra,3.2877924844903323,0.0
395,396,835.7591613192835,intra,3.2877924844903323,0.0
396,397,835.7591613192835,intra,3.2877924844903323,0.0
397,398,835.7591613192835,intra,3.2877924844903323,0.0
398,399,835.7591613192835,intra,3.2877924844903323,0.0
399,400,835.7591613192835,intra,3.2877924844903323,0.0
400,401,835.7591613192835,intra,3.2877924844903323,0.0
401,402,835.7591613192835,intra,3.2877924844903323,0.0
402,403,835.7591613192835,intra,3.2877924844903323,0.0
403,404,835.7591613192835,intra,3.2877924844903323,0.0
404,405,835.7591613192835,intra,3.2877924844903323,0.0
405,406,835.7591613192835,intra,3.2877924844903323,0.0
406,407,835.7591613192835,intra,3.2877924844903323,0.0
407,408,835.7591613192835,intra,3.2877924844903323,0.0
408,409,835.7591613192835,intra,3.2877924844903323,0.0
409,410,835.7591613192835,intra,3.2877924844903323,0.0
410,411,835.7591613192835,intra,3.2877924844903323,0.0
411,412,835.7591613192835,intra,3.2877924844903323,0.0
412,413,835.7591613192835,intra,3.2877924844903323,0.0
413,414,835.7591613192835,intra,3.2877924844903323,0.0
414,415,835.7591613192835,intra,3.2877924844903323,0.0
364,415,835.7591613192835,intra,3.2877924844903323,0.0
416,417,835.7591613192835,intra,3.2877924844903323,0.0
417,418,835.7591613192835,intra,3.2877924844903323,0.0
418,419,835.7591613192835,intra,3.2877924844903323,0.0
419,420,835.7591613192835,intra,3.2877924844903323,0.0
420,421,835.7591613192835,intra,3.2877924844903323,0.0
421,422,835.7591613192835,intra,3.2877924844903323,0.0
422,423,835.7591613192835,intra,3.2877924844903323,0.0
423,424,835.7591613192835,intra,3.2877924844903323,0.0
424,425,835.7591613192835,intra,3.2877924844903323,0.0
425,426,835.7591613192835,intra,3.2877924844903323,0.0
426,427,835.7591613192835,intra,3.2877924844903323,0.0
427,428,835.7591613192835,intra,3.2877924844903323,0.0
428,429,835.7591613192835,intra,3.2877924844903323,0.0
429,430,835.7591613192835,intra,3.2877924844903323,0.0
430,431,835.7591613192835,intra,3.2877924844903323,0.0
431,432,835.7591613192835,intra,3.2877924844903323,0.0
432,433,835.7591613192835,intra,3.2877924844903323,0.0
433,434,835.7591613192835,intra,3.2877924844903323,0.0
434,435,835.7591613192835,intra,3.2877924844903323,0.0
435,436,835.7591613192835,intra,3.2877924844903323,0.0
436,437,835.7591613192835,intra,3.2877924844903323,0.0
437,438,835.7591613192835,intra,3.2877924844903323,0.0
438,439,835.7591613192835,intra,3.2877924844903323,0.0
439,440,835.7591613192835,intra,3.2877924844903323,0.0
440,441,835.7591613192835,intra,3.2877924844903323,0.0
441,442,835.7591613192835,intra,3.2877924844903323,0.0
442,443,835.7591613192835,intra,3.2877924844903323,0.0
443,444,835.7591613192835,intra,3.2877924844903323,0.0
444,445,835.7591613192835,intra,3.2877924844903323,0.0
445,446,835.7591613192835,intra,3.2877924844903323,0.0
446,447,835.7591613192835,intra,3.2877924844903323,0.0
447,448,835.7591613192835,intra,3.2877924844903323,0.0
448,449,835.7591613192835,intra,3.2877924844903323,0.0
449,450,835.7591613192835,intra,3.2877924844903323,0.0
450,451,835.7591613192835,intra,3.2877924844903323,0.0
451,452,835.7591613192835,intra,3.2877924844903323,0.0
452,453,835.7591613192835,intra,3.2877924844903323,0.0
453,454,835.7591613192835,intra,3.2877924844903323,0.0
454,455,835.7591613192835,intra,3.2877924844903323,0.0
455,456,835.7591613192835,intra,3.2877924844903323,0.0
456,457,835.7591613192835,intra,3.2877924844903323,0.0
457,458,835.7591613192835,intra,3.2877924844903323,0.0
458,459,835.7591613192835,intra,3.2877924844903323,0.0
459,460,835.7591613192835,intra,3.2877924844903323,0.0
460,461,835.7591613192835,intra,3.2877924844903323,0.0
461,462,835.7591613192835,intra,3.2877924844903323,0.0
462,463,835.7591613192835,intra,3.2877924844903323,0.0
463,464,835.7591613192835,intra,3.2877924844903323,0.0
464,465,835.7591613192835,intra,3.2877924844903323,0.0
465,466,835.7591613192835,intra,3.2877924844903323,0.0
466,467,835.7591613192835,intra,3.2877924844903323,0.0
416,467,835.7591613192835,intra,3.2877924844903323,0.0
468,469,835.7591613192835,intra,3.2877924844903323,0.0
469,470,835.7591613192835,intra,3.2877924844903323,0.0
470,471,835.7591613192835,intra,3.2877924844903323,0.0
471,472,835.7591613192835,intra,3.2877924844903323,0.0
472,473,835.7591613192835,intra,3.2877924844903323,0.0
473,474,835.7591613192835,intra,3.2877924844903323,0.0
474,475,835.7591613192835,intra,3.2877924844903323,0.0
475,476,835.7591613192835,intra,3.2877924844903323,0.0
476,477,835.7591613192835,intra,3.2877924844903323,0.0
477,478,835.7591613192835,intra,3.2877924844903323,0.0
478,479,835.7591613192835,intra,3.2877924844903323,0.0
479,480,835.7591613192835,intra,3.2877924844903323,0.0
480,481,835.7591613192835,intra,3.2877924844903323,0.0
481,482,835.7591613192835,intra,3.2877924844903323,0.0
482,483,835.7591613192835,intra,3.2877924844903323,0.0
483,484,835.7591613192835,intra,3.2877924844903323,0.0
484,485,835.7591613192835,intra,3.2877924844903323,0.0
485,486,835.7591613192835,intra,3.2877924844903323,0.0
486,487,835.7591613192835,intra,3.2877924844903323,0.0
487,488,835.7591613192835,intra,3.2877924844903323,0.0
488,489,835.7591613192835,intra,3.2877924844903323,0.0
489,490,835.7591613192835,intra,3.2877924844903323,0.0
490,491,835.7591613192835,intra,3.2877924844903323,0.0
491,492,835.7591613192835,intra,3.2877924844903323,0.0
492,493,835.7591613192835,intra,3.2877924844903323,0.0
493,494,835.7591613192835,intra,3.2877924844903323,0.0
494,495,835.7591613192835,intra,3.2877924844903323,0.0
495,496,835.7591613192835,intra,3.2877924844903323,0.0
496,497,835.7591613192835,intra,3.2877924844903323,0.0
497,498,835.7591613192835,intra,3.2877924844903323,0.0
498,499,835.7591613192835,intra,3.2877924844903323,0.0
499,500,835.7591613192835,intra,3.2877924844903323,0.0
500,501,835.7591613192835,intra,3.2877924844903323,0.0
501,502,835.7591613192835,intra,3.2877924844903323,0.0
502,503,835.7591613192835,intra,3.2877924844903323,0.0
503,504,835.7591613192835,intra,3.2877924844903323,0.0
504,505,835.7591613192835,intra,3.2877924844903323,0.0
505,506,835.7591613192835,intra,3.2877924844903323,0.0
506,507,835.7591613192835,intra,3.2877924844903323,0.0
507,508,835.7591613192835,intra,3.2877924844903323,0.0
508,509,835.7591613192835,intra,3.2877924844903323,0.0
509,510,835.7591613192835,intra,3.2877924844903323,0.0
510,511,835.7591613192835,intra,3.2877924844903323,0.0
511,512,835.7591613192835,intra,3.2877924844903323,0.0
512,513,835.7591613192835,intra,3.2877924844903323,0.0
513,514,835.7591613192835,intra,3.2877924844903323,0.0
514,515,835.7591613192835,intra,3.2877924844903323,0.0
515,516,835.7591613192835,intra,3.2877924844903323,0.0
516,517,835.7591613192835,intra,3.2877924844903323,0.0
517,518,835.7591613192835,intra,3.2877924844903323,0.0
518,519,835.7591613192835,intra,3.2877924844903323,0.0
468,519,835.7591613192835,intra,3.2877924844903323,0.0
520,521,835.7591613192835,intra,3.2877924844903323,0.0
521,522,835.7591613192835,intra,3.2877924844903323,0.0
522,523,835.7591613192835,intra,3.2877924844903323,0.0
523,524,835.7591613192835,intra,3.2877924844903323,0.0
524,525,835.7591613192835,intra,3.2877924844903323,0.0
525,526,835.7591613192835,intra,3.2877924844903323,0.0
526,527,835.7591613192835,intra,3.2877924844903323,0.0
527,528,835.7591613192835,intra,3.2877924844903323,0.0
528,529,835.7591613192835,intra,3.2877924844903323,0.0
529,530,835.7591613192835,intra,3.2877924844903323,0.0
530,531,835.7591613192835,intra,3.2877924844903323,0.0
531,532,835.7591613192835,intra,3.2877924844903323,0.0
532,533,835.7591613192835,intra,3.2877924844903323,0.0
533,534,835.7591613192835,intra,3.2877924844903323,0.0
534,535,835.7591613192835,intra,3.2877924844903323,0.0
535,536,835.7591613192835,intra,3.2877924844903323,0.0
536,537,835.7591613192835,intra,3.2877924844903323,0.0
537,538,835.7591613192835,intra,3.2877924844903323,0.0
538,539,835.7591613192835,intra,3.2877924844903323,0.0
539,540,835.7591613192835,intra,3.2877924844903323,0.0
540,541,835.7591613192835,intra,3.2877924844903323,0.0
541,542,835.7591613192835,intra,3.2877924844903323,0.0
542,543,835.7591613192835,intra,3.2877924844903323,0.0
543,544,835.7591613192835,intra,3.2877924844903323,0.0
544,545,835.7591613192835,intra,3.2877924844903323,0.0
545,546,835.7591613192835,intra,3.2877924844903323,0.0
546,547,835.7591613192835,intra,3.2877924844903323,0.0
547,548,835.7591613192835,intra,3.2877924844903323,0.0
548,549,835.7591613192835,intra,3.2877924844903323,0.0
549,550,835.7591613192835,intra,3.2877924844903323,0.0
550,551,835.7591613192835,intra,3.2877924844903323,0.0
551,552,835.7591613192835,intra,3.2877924844903323,0.0
552,553,835.7591613192835,intra,3.2877924844903323,0.0
553,554,835.7591613192835,intra,3.2877924844903323,0.0
554,555,835.7591613192835,intra,3.2877924844903323,0.0
555,556,835.7591613192835,intra,3.2877924844903323,0.0
556,557,835.7591613192835,intra,3.2877924844903323,0.0
557,558,835.7591613192835,intra,3.2877924844903323,0.0
558,559,835.7591613192835,intra,3.2877924844903323,0.0
559,560,835.7591613192835,intra,3.2877924844903323,0.0
560,561,835.7591613192835,intra,3.2877924844903323,0.0
561,562,835.7591613192835,intra,3.2877924844903323,0.0
562,563,835.7591613192835,intra,3.2877924844903323,0.0
563,564,835.7591613192835,intra,3.2877924844903323,0.0
564,565,835.7591613192835,intra,3.2877924844903323,0.0
565,566,835.7591613192835,intra,3.2877924844903323,0.0
566,567,835.7591613192835,intra,3.2877924844903323,0.0
567,568,835.7591613192835,intra,3.2877924844903323,0.0
568,569,835.7591613192835,intra,3.2877924844903323,0.0
569,570,835.7591613192835,intra,3.2877924844903323,0.0
570,571,835.7591613192835,intra,3.2877924844903323,0.0
520,571,835.7591613192835,intra,3.2877924844903323,0.0
572,573,835.7591613192835,intra,3.2877924844903323,0.0
573,574,835.7591613192835,intra,3.2877924844903323,0.0
574,575,835.7591613192835,intra,3.2877924844903323,0.0
575,576,835.7591613192835,intra,3.2877924844903323,0.0
576,577,835.7591613192835,intra,3.2877924844903323,0.0
577,578,835.7591613192835,intra,3.2877924844903323,0.0
578,579,835.7591613192835,intra,3.2877924844903323,0.0
579,580,835.7591613192835,intra,3.2877924844903323,0.0
580,581,835.7591613192835,intra,3.2877924844903323,0.0
581,582,835.7591613192835,intra,3.2877924844903323,0.0
582,583,835.7591613192835,intra,3.2877924844903323,0.0
583,584,835.7591613192835,intra,3.2877924844903323,0.0
584,585,835.7591613192835,intra,3.2877924844903323,0.0
585,586,835.7591613192835,intra,3.2877924844903323,0.0
586,587,835.7591613192835,intra,3.2877924844903323,0.0
587,588,835.7591613192835,intra,3.2877924844903323,0.0
588,589,835.7591613192835,intra,3.2877924844903323,0.0
589,590,835.7591613192835,intra,3.2877924844903323,0.0
590,591,835.7591613192835,intra,3.2877924844903323,0.0
591,592,835.7591613192835,intra,3.2877924844903323,0.0
592,593,835.7591613192835,intra,3.2877924844903323,0.0
593,594,835.7591613192835,intra,3.2877924844903323,0.0
594,595,835.7591613192835,intra,3.2877924844903323,0.0
595,596,835.7591613192835,intra,3.2877924844903323,0.0
596,597,835.7591613192835,intra,3.2877924844903323,0.0
597,598,835.7591613192835,intra,3.2877924844903323,0.0
598,599,835.7591613192835,intra,3.2877924844903323,0.0
599,600,835.7591613192835,intra,3.2877924844903323,0.0
600,601,835.7591613192835,intra,3.2877924844903323,0.0
601,602,835.7591613192835,intra,3.2877924844903323,0.0
602,603,835.7591613192835,intra,3.2877924844903323,0.0
603,604,835.7591613192835,intra,3.2877924844903323,0.0
604,605,835.7591613192835,intra,3.2877924844903323,0.0
605,606,835.7591613192835,intra,3.2877924844903323,0.0
606,607,835.7591613192835,intra,3.2877924844903323,0.0
607,608,835.7591613192835,intra,3.2877924844903323,0.0
608,609,835.7591613192835,intra,3.2877924844903323,0.0
609,610,835.7591613192835,intra,3.2877924844903323,0.0
610,611,835.7591613192835,intra,3.2877924844903323,0.0
611,612,835.7591613192835,intra,3.2877924844903323,0.0
612,613,835.7591613192835,intra,3.2877924844903323,0.0
613,614,835.7591613192835,intra,3.2877924844903323,0.0
614,615,835.7591613192835,intra,3.2877924844903323,0.0
615,616,835.7591613192835,intra,3.2877924844903323,0.0
616,617,835.7591613192835,intra,3.2877924844903323,0.0
617,618,835.7591613192835,intra,3.2877924844903323,0.0
618,619,835.7591613192835,intra,3.2877924844903323,0.0
619,620,835.7591613192835,intra,3.2877924844903323,0.0
620,621,835.7591613192835,intra,3.2877924844903323,0.0
621,622,835.7591613192835,intra,3.2877924844903323,0.0
622,623,835.7591613192835,intra,3.2877924844903323,0.0
572,623,835.7591613192835,intra,3.2877924844903323,0.0
624,625,835.7591613192835,intra,3.2877924844903323,0.0
625,626,835.7591613192835,intra,3.2877924844903323,0.0
626,627,835.7591613192835,intra,3.2877924844903323,0.0
627,628,835.7591613192835,intra,3.2877924844903323,0.0
628,629,835.7591613192835,intra,3.2877924844903323,0.0
629,630,835.7591613192835,intra,3.2877924844903323,0.0
630,631,835.7591613192835,intra,3.2877924844903323,0.0
631,632,835.7591613192835,intra,3.2877924844903323,0.0
632,633,835.7591613192835,intra,3.2877924844903323,0.0
633,634,835.7591613192835,intra,3.2877924844903323,0.0
634,635,835.7591613192835,intra,3.2877924844903323,0.0
635,636,835.7591613192835,intra,3.2877924844903323,0.0
636,637,835.7591613192835,intra,3.2877924844903323,0.0
637,638,835.7591613192835,intra,3.2877924844903323,0.0
638,639,835.7591613192835,intra,3.2877924844903323,0.0
639,640,835.7591613192835,intra,3.2877924844903323,0.0
640,641,835.7591613192835,intra,3.2877924844903323,0.0
641,642,835.7591613192835,intra,3.2877924844903323,0.0
642,643,835.7591613192835,intra,3.2877924844903323,0.0
643,644,835.7591613192835,intra,3.2877924844903323,0.0
644,645,835.7591613192835,intra,3.2877924844903323,0.0
645,646,835.7591613192835,intra,3.2877924844903323,0.0
646,647,835.7591613192835,intra,3.2877924844903323,0.0
647,648,835.7591613192835,intra,3.2877924844903323,0.0
648,649,835.7591613192835,intra,3.2877924844903323,0.0
649,650,835.7591613192835,intra,3.2877924844903323,0.0
650,651,835.7591613192835,intra,3.2877924844903323,0.0
651,652,835.7591613192835,intra,3.2877924844903323,0.0
652,653,835.7591613192835,intra,3.2877924844903323,0.0
653,654,835.7591613192835,intra,3.2877924844903323,0.0
654,655,835.7591613192835,intra,3.2877924844903323,0.0
655,656,835.7591613192835,intra,3.2877924844903323,0.0
656,657,835.7591613192835,intra,3.2877924844903323,0.0
657,658,835.7591613192835,intra,3.2877924844903323,0.0
658,659,835.7591613192835,intra,3.2877924844903323,0.0
659,660,835.7591613192835,intra,3.2877924844903323,0.0
660,661,835.7591613192835,intra,3.2877924844903323,0.0
661,662,835.7591613192835,intra,3.2877924844903323,0.0
662,663,835.7591613192835,intra,3.2877924844903323,0.0
663,664,835.7591613192835,intra,3.2877924844903323,0.0
664,665,835.7591613192835,intra,3.2877924844903323,0.0
665,666,835.7591613192835,intra,3.2877924844903323,0.0
666,667,835.7591613192835,intra,3.2877924844903323,0.0
667,668,835.7591613192835,intra,3.2877924844903323,0.0
668,669,835.7591613192835,intra,3.2877924844903323,0.0
669,670,835.7591613192835,intra,3.2877924844903323,0.0
670,671,835.7591613192835,intra,3.2877924844903323,0.0
671,672,835.7591613192835,intra,3.2877924844903323,0.0
672,673,835.7591613192835,intra,3.2877924844903323,0.0
673,674,835.7591613192835,intra,3.2877924844903323,0.0
674,675,835.7591613192835,intra,3.2877924844903323,0.0
624,675,835.7591613192835,intra,3.2877924844903323,0.0
676,677,835.7591613192835,intra,3.2877924844903323,0.0
677,678,835.7591613192835,intra,3.2877924844903323,0.0
678,679,835.7591613192835,intra,3.2877924844903323,0.0
679,680,835.7591613192835,intra,3.2877924844903323,0.0
680,681,835.7591613192835,intra,3.2877924844903323,0.0
681,682,835.7591613192835,intra,3.2877924844903323,0.0
682,683,835.7591613192835,intra,3.2877924844903323,0.0
683,684,835.7591613192835,intra,3.2877924844903323,0.0
684,685,835.7591613192835,intra,3.2877924844903323,0.0
685,686,835.7591613192835,intra,3.2877924844903323,0.0
686,687,835.7591613192835,intra,3.2877924844903323,0.0
687,688,835.7591613192835,intra,3.2877924844903323,0.0
688,689,835.7591613192835,intra,3.2877924844903323,0.0
689,690,835.7591613192835,intra,3.2877924844903323,0.0
690,691,835.7591613192835,intra,3.2877924844903323,0.0
691,692,835.7591613192835,intra,3.2877924844903323,0.0
692,693,835.7591613192835,intra,3.2877924844903323,0.0
693,694,835.7591613192835,intra,3.2877924844903323,0.0
694,695,835.7591613192835,intra,3.2877924844903323,0.0
695,696,835.7591613192835,intra,3.2877924844903323,0.0
696,697,835.7591613192835,intra,3.2877924844903323,0.0
697,698,835.7591613192835,intra,3.2877924844903323,0.0
698,699,835.7591613192835,intra,3.2877924844903323,0.0
699,700,835.7591613192835,intra,3.2877924844903323,0.0
700,701,835.7591613192835,intra,3.2877924844903323,0.0
701,702,835.7591613192835,intra,3.2877924844903323,0.0
702,703,835.7591613192835,intra,3.2877924844903323,0.0
703,704,835.7591613192835,intra,3.2877924844903323,0.0
704,705,835.7591613192835,intra,3.2877924844903323,0.0
705,706,835.7591613192835,intra,3.2877924844903323,0.0
706,707,835.7591613192835,intra,3.2877924844903323,0.0
707,708,835.7591613192835,intra,3.2877924844903323,0.0
708,709,835.7591613192835,intra,3.2877924844903323,0.0
709,710,835.7591613192835,intra,3.2877924844903323,0.0
710,711,835.7591613192835,intra,3.2877924844903323,0.0
711,712,835.7591613192835,intra,3.2877924844903323,0.0
712,713,835.7591613192835,intra,3.2877924844903323,0.0
713,714,835.7591613192835,intra,3.2877924844903323,0.0
714,715,835.7591613192835,intra,3.2877924844903323,0.0
715,716,835.7591613192835,intra,3.2877924844903323,0.0
716,717,835.7591613192835,intra,3.2877924844903323,0.0
717,718,835.7591613192835,intra,3.2877924844903323,0.0
718,719,835.7591613192835,intra,3.2877924844903323,0.0
719,720,835.7591613192835,intra,3.2877924844903323,0.0
720,721,835.7591613192835,intra,3.2877924844903323,0.0
721,722,835.7591613192835,intra,3.2877924844903323,0.0
722,723,835.7591613192835,intra,3.2877924844903323,0.0
723,724,835.7591613192835,intra,3.2877924844903323,0.0
724,725,835.7591613192835,intra,3.2877924844903323,0.0
725,726,835.7591613192835,intra,3.2877924844903323,0.0
726,727,835.7591613192835,intra,3.2877924844903323,0.0
676,727,835.7591613192835,intra,3.2877924844903323,0.0
728,729,835.7591613192835,intra,3.2877924844903323,0.0
729,730,835.7591613192835,intra,3.2877924844903323,0.0
730,731,835.7591613192835,intra,3.2877924844903323,0.0
731,732,835.7591613192835,intra,3.2877924844903323,0.0
732,733,835.7591613192835,intra,3.2877924844903323,0.0
733,734,835.7591613192835,intra,3.2877924844903323,0.0
734,735,835.7591613192835,intra,3.2877924844903323,0.0
735,736,835.7591613192835,intra,3.2877924844903323,0.0
736,737,835.7591613192835,intra,3.2877924844903323,0.0
737,738,835.7591613192835,intra,3.2877924844903323,0.0
738,739,835.7591613192835,intra,3.2877924844903323,0.0
739,740,835.7591613192835,intra,3.2877924844903323,0.0
740,741,835.7591613192835,intra,3.2877924844903323,0.0
741,742,835.7591613192835,intra,3.2877924844903323,0.0
742,743,835.7591613192835,intra,3.2877924844903323,0.0
743,744,835.7591613192835,intra,3.2877924844903323,0.0
744,745,835.7591613192835,intra,3.2877924844903323,0.0
745,746,835.7591613192835,intra,3.2877924844903323,0.0
746,747,835.7591613192835,intra,3.2877924844903323,0.0
747,748,835.7591613192835,intra,3.2877924844903323,0.0
748,749,835.7591613192835,intra,3.2877924844903323,0.0
749,750,835.7591613192835,intra,3.2877924844903323,0.0
750,751,835.7591613192835,intra,3.2877924844903323,0.0
751,752,835.7591613192835,intra,3.2877924844903323,0.0
752,753,835.7591613192835,intra,3.2877924844903323,0.0
753,754,835.7591613192835,intra,3.2877924844903323,0.0
754,755,835.7591613192835,intra,3.2877924844903323,0.0
755,756,835.7591613192835,intra,3.2877924844903323,0.0
756,757,835.7591613192835,intra,3.2877924844903323,0.0
757,758,835.7591613192835,intra,3.2877924844903323,0.0
758,759,835.7591613192835,intra,3.2877924844903323,0.0
759,760,835.7591613192835,intra,3.2877924844903323,0.0
760,761,835.7591613192835,intra,3.2877924844903323,0.0
761,762,835.7591613192835,intra,3.2877924844903323,0.0
762,763,835.7591613192835,intra,3.2877924844903323,0.0
763,764,835.7591613192835,intra,3.2877924844903323,0.0
764,765,835.7591613192835,intra,3.2877924844903323,0.0
765,766,835.7591613192835,intra,3.2877924844903323,0.0
766,767,835.7591613192835,intra,3.2877924844903323,0.0
767,768,835.7591613192835,intra,3.2877924844903323,0.0
768,769,835.7591613192835,intra,3.2877924844903323,0.0
769,770,835.7591613192835,intra,3.2877924844903323,0.0
770,771,835.7591613192835,intra,3.2877924844903323,0.0
771,772,835.7591613192835,intra,3.2877924844903323,0.0
772,773,835.7591613192835,intra,3.2877924844903323,0.0
773,774,835.7591613192835,intra,3.2877924844903323,0.0
774,775,835.7591613192835,intra,3.2877924844903323,0.0
775,776,835.7591613192835,intra,3.2877924844903323,0.0
776,777,835.7591613192835,intra,3.2877924844903323,0.0
777,778,835.7591613192835,intra,3.2877924844903323,0.0
778,779,835.7591613192835,intra,3.2877924844903323,0.0
728,779,835.7591613192835,intra,3.2877924844903323,0.0
780,781,835.7591613192835,intra,3.2877924844903323,0.0
781,782,835.7591613192835,intra,3.2877924844903323,0.0
782,783,835.7591613192835,intra,3.2877924844903323,0.0
783,784,835.7591613192835,intra,3.2877924844903323,0.0
784,785,835.7591613192835,intra,3.2877924844903323,0.0
785,786,835.7591613192835,intra,3.2877924844903323,0.0
786,787,835.7591613192835,intra,3.2877924844903323,0.0
787,788,835.7591613192835,intra,3.2877924844903323,0.0
788,789,835.7591613192835,intra,3.2877924844903323,0.0
789,790,835.7591613192835,intra,3.2877924844903323,0.0
790,791,835.7591613192835,intra,3.2877924844903323,0.0
791,792,835.7591613192835,intra,3.2877924844903323,0.0
792,793,835.7591613192835,intra,3.2877924844903323,0.0
793,794,835.7591613192835,intra,3.2877924844903323,0.0
794,795,835.7591613192835,intra,3.2877924844903323,0.0
795,796,835.7591613192835,intra,3.2877924844903323,0.0
796,797,835.7591613192835,intra,3.2877924844903323,0.0
797,798,835.7591613192835,intra,3.2877924844903323,0.0
798,799,835.7591613192835,intra,3.2877924844903323,0.0
799,800,835.7591613192835,intra,3.2877924844903323,0.0
800,801,835.7591613192835,intra,3.2877924844903323,0.0
801,802,835.7591613192835,intra,3.2877924844903323,0.0
802,803,835.7591613192835,intra,3.2877924844903323,0.0
803,804,835.7591613192835,intra,3.2877924844903323,0.0
804,805,835.7591613192835,intra,3.2877924844903323,0.0
805,806,835.7591613192835,intra,3.2877924844903323,0.0
806,807,835.7591613192835,intra,3.2877924844903323,0.0
807,808,835.7591613192835,intra,3.2877924844903323,0.0
808,809,835.7591613192835,intra,3.2877924844903323,0.0
809,810,835.7591613192835,intra,3.2877924844903323,0.0
810,811,835.7591613192835,intra,3.2877924844903323,0.0
811,812,835.7591613192835,intra,3.2877924844903323,0.0
812,813,835.7591613192835,intra,3.2877924844903323,0.0
813,814,835.7591613192835,intra,3.2877924844903323,0.0
814,815,835.7591613192835,intra,3.2877924844903323,0.0
815,816,835.7591613192835,intra,3.2877924844903323,0.0
816,817,835.7591613192835,intra,3.2877924844903323,0.0
817,818,835.7591613192835,intra,3.2877924844903323,0.0
818,819,835.7591613192835,intra,3.2877924844903323,0.0
819,820,835.7591613192835,intra,3.2877924844903323,0.0
820,821,835.7591613192835,intra,3.2877924844903323,0.0
821,822,835.7591613192835,intra,3.2877924844903323,0.0
822,823,835.7591613192835,intra,3.2877924844903323,0.0
823,824,835.7591613192835,intra,3.2877924844903323,0.0
824,825,835.7591613192835,intra,3.2877924844903323,0.0
825,826,835.7591613192835,intra,3.2877924844903323,0.0
826,827,835.7591613192835,intra,3.2877924844903323,0.0
827,828,835.7591613192835,intra,3.2877924844903323,0.0
828,829,835.7591613192835,intra,3.2877924844903323,0.0
829,830,835.7591613192835,intra,3.2877924844903323,0.0
830,831,835.7591613192835,intra,3.2877924844903323,0.0
780,831,835.7591613192835,intra,3.2877924844903323,0.0
832,833,835.7591613192835,intra,3.2877924844903323,0.0
833,834,835.7591613192835,intra,3.2877924844903323,0.0
834,835,835.7591613192835,intra,3.2877924844903323,0.0
835,836,835.7591613192835,intra,3.2877924844903323,0.0
836,837,835.7591613192835,intra,3.2877924844903323,0.0
837,838,835.7591613192835,intra,3.2877924844903323,0.0
838,839,835.7591613192835,intra,3.2877924844903323,0.0
839,840,835.7591613192835,intra,3.2877924844903323,0.0
840,841,835.7591613192835,intra,3.2877924844903323,0.0
841,842,835.7591613192835,intra,3.2877924844903323,0.0
842,843,835.7591613192835,intra,3.2877924844903323,0.0
843,844,835.7591613192835,intra,3.2877924844903323,0.0
844,845,835.7591613192835,intra,3.2877924844903323,0.0
845,846,835.7591613192835,intra,3.2877924844903323,0.0
846,847,835.7591613192835,intra,3.2877924844903323,0.0
847,848,835.7591613192835,intra,3.2877924844903323,0.0
848,849,835.7591613192835,intra,3.2877924844903323,0.0
849,850,835.7591613192835,intra,3.2877924844903323,0.0
850,851,835.7591613192835,intra,3.2877924844903323,0.0
851,852,835.7591613192835,intra,3.2877924844903323,0.0
852,853,835.7591613192835,intra,3.2877924844903323,0.0
853,854,835.7591613192835,intra,3.2877924844903323,0.0
854,855,835.7591613192835,intra,3.2877924844903323,0.0
855,856,835.7591613192835,intra,3.2877924844903323,0.0
856,857,835.7591613192835,intra,3.2877924844903323,0.0
857,858,835.7591613192835,intra,3.2877924844903323,0.0
858,859,835.7591613192835,intra,3.2877924844903323,0.0
859,860,835.7591613192835,intra,3.2877924844903323,0.0
860,861,835.7591613192835,intra,3.2877924844903323,0.0015873015873015873
861,862,835.7591613192835,intra,3.2877924844903323,0.0031746031746031746
862,863,835.7591613192835,intra,3.2877924844903323,0.0031746031746031746
863,864,835.7591613192835,intra,3.2877924844903323,0.004761904761904762
864,865,835.7591613192835,intra,3.2877924844903323,0.004761904761904762
865,866,835.7591613192835,intra,3.2877924844903323,0.0
866,867,835.7591613192835,intra,3.2877924844903323,0.0
867,868,835.7591613192835,intra,3.2877924844903323,0.0
868,869,835.7591613192835,intra,3.2877924844903323,0.0
869,870,835.7591613192835,intra,3.2877924844903323,0.0
870,871,835.7591613192835,intra,3.2877924844903323,0.0
871,872,835.7591613192835,intra,3.2877924844903323,0.0
872,873,835.7591613192835,intra,3.2877924844903323,0.0
873,874,835.7591613192835,intra,3.2877924844903323,0.0
874,875,835.7591613192835,intra,3.2877924844903323,0.0
875,876,835.7591613192835,intra,3.2877924844903323,0.0
876,877,835.7591613192835,intra,3.2877924844903323,0.0
877,878,835.7591613192835,intra,3.2877924844903323,0.0
878,879,835.7591613192835,intra,3.2877924844903323,0.0
879,880,835.7591613192835,intra,3.2877924844903323,0.0
880,881,835.7591613192835,intra,3.2877924844903323,0.0
881,882,835.7591613192835,intra,3.2877924844903323,0.0
882,883,835.7591613192835,intra,3.2877924844903323,0.0
832,883,835.7591613192835,intra,3.2877924844903323,0.0
884,885,835.7591613192835,intra,3.2877924844903323,0.0
885,886,835.7591613192835,intra,3.2877924844903323,0.0
886,887,835.7591613192835,intra,3.2877924844903323,0.0
887,888,835.7591613192835,intra,3.2877924844903323,0.0
888,889,835.7591613192835,intra,3.2877924844903323,0.0
889,890,835.7591613192835,intra,3.2877924844903323,0.0
890,891,835.7591613192835,intra,3.2877924844903323,0.0
891,892,835.7591613192835,intra,3.2877924844903323,0.0
892,893,835.7591613192835,intra,3.2877924844903323,0.0
893,894,835.7591613192835,intra,3.2877924844903323,0.0
894,895,835.7591613192835,intra,3.2877924844903323,0.0
895,896,835.7591613192835,intra,3.2877924844903323,0.0
896,897,835.7591613192835,intra,3.2877924844903323,0.0
897,898,835.7591613192835,intra,3.2877924844903323,0.0
898,899,835.7591613192835,intra,3.2877924844903323,0.0
899,900,835.7591613192835,intra,3.2877924844903323,0.0
900,901,835.7591613192835,intra,3.2877924844903323,0.0
901,902,835.7591613192835,intra,3.2877924844903323,0.0
902,903,835.7591613192835,intra,3.2877924844903323,0.0
903,904,835.7591613192835,intra,3.2877924844903323,0.0
904,905,835.7591613192835,intra,3.2877924844903323,0.0
905,906,835.7591613192835,intra,3.2877924844903323,0.0
906,907,835.7591613192835,intra,3.2877924844903323,0.0
907,908,835.7591613192835,intra,3.2877924844903323,0.0
908,909,835.7591613192835,intra,3.2877924844903323,0.0
909,910,835.7591613192835,intra,3.2877924844903323,0.0015873015873015873
910,911,835.7591613192835,intra,3.2877924844903323,0.0015873015873015873
911,912,835.7591613192835,intra,3.2877924844903323,0.0031746031746031746
912,913,835.7591613192835,intra,3.2877924844903323,0.004761904761904762
913,914,835.7591613192835,intra,3.2877924844903323,0.006349206349206349
914,915,835.7591613192835,intra,3.2877924844903323,0.007936507936507936
915,916,835.7591613192835,intra,3.2877924844903323,0.009523809523809523
916,917,835.7591613192835,intra,3.2877924844903323,0.01111111111111111
917,918,835.7591613192835,intra,3.2877924844903323,0.0
918,919,835.7591613192835,intra,3.2877924844903323,0.0
919,920,835.7591613192835,intra,3.2877924844903323,0.0
920,921,835.7591613192835,intra,3.2877924844903323,0.0
921,922,835.7591613192835,intra,3.2877924844903323,0.0
922,923,835.7591613192835,intra,3.2877924844903323,0.0
923,924,835.7591613192835,intra,3.2877924844903323,0.0
924,925,835.7591613192835,intra,3.2877924844903323,0.0
925,926,835.7591613192835,intra,3.2877924844903323,0.0
926,927,835.7591613192835,intra,3.2877924844903323,0.0
927,928,835.7591613192835,intra,3.2877924844903323,0.0
928,929,835.7591613192835,intra,3.2877924844903323,0.0
929,930,835.7591613192835,intra,3.2877924844903323,0.0
930,931,835.7591613192835,intra,3.2877924844903323,0.0
931,932,835.7591613192835,intra,3.2877924844903323,0.0
932,933,835.7591613192835,intra,3.2877924844903323,0.0
933,934,835.7591613192835,intra,3.2877924844903323,0.0
934,935,835.7591613192835,intra,3.2877924844903323,0.0
884,935,835.7591613192835,intra,3.2877924844903323,0.0
936,937,835.7591613192835,intra,3.2877924844903323,0.0
937,938,835.7591613192835,intra,3.2877924844903323,0.0
938,939,835.7591613192835,intra,3.2877924844903323,0.0
939,940,835.7591613192835,intra,3.2877924844903323,0.0
940,941,835.7591613192835,intra,3.2877924844903323,0.0
941,942,835.7591613192835,intra,3.2877924844903323,0.0
942,943,835.7591613192835,intra,3.2877924844903323,0.0
943,944,835.7591613192835,intra,3.2877924844903323,0.0
944,945,835.7591613192835,intra,3.2877924844903323,0.0
945,946,835.7591613192835,intra,3.2877924844903323,0.0
946,947,835.7591613192835,intra,3.2877924844903323,0.0
947,948,835.7591613192835,intra,3.2877924844903323,0.0
948,949,835.7591613192835,intra,3.2877924844903323,0.0
949,950,835.7591613192835,intra,3.2877924844903323,0.0
950,951,835.7591613192835,intra,3.2877924844903323,0.0
951,952,835.7591613192835,intra,3.2877924844903323,0.0
952,953,835.7591613192835,intra,3.2877924844903323,0.0
953,954,835.7591613192835,intra,3.2877924844903323,0.0
954,955,835.7591613192835,intra,3.2877924844903323,0.0
955,956,835.7591613192835,intra,3.2877924844903323,0.0
956,957,835.7591613192835,intra,3.2877924844903323,0.0
957,958,835.7591613192835,intra,3.2877924844903323,0.0
958,959,835.7591613192835,intra,3.2877924844903323,0.0
959,960,835.7591613192835,intra,3.2877924844903323,0.0
960,961,835.7591613192835,intra,3.2877924844903323,0.0
961,962,835.7591613192835,intra,3.2877924844903323,0.0
962,963,835.7591613192835,intra,3.2877924844903323,0.0031746031746031746
963,964,835.7591613192835,intra,3.2877924844903323,0.004761904761904762
964,965,835.7591613192835,intra,3.2877924844903323,0.0031746031746031746
965,966,835.7591613192835,intra,3.2877924844903323,0.004761904761904762
966,967,835.7591613192835,intra,3.2877924844903323,0.006349206349206349
967,968,835.7591613192835,intra,3.2877924844903323,0.0
968,969,835.7591613192835,intra,3.2877924844903323,0.0
969,970,835.7591613192835,intra,3.2877924844903323,0.0
970,971,835.7591613192835,intra,3.2877924844903323,0.0
971,972,835.7591613192835,intra,3.2877924844903323,0.0
972,973,835.7591613192835,intra,3.2877924844903323,0.0
973,974,835.7591613192835,intra,3.2877924844903323,0.0
974,975,835.7591613192835,intra,3.2877924844903323,0.0
975,976,835.7591613192835,intra,3.2877924844903323,0.0
976,977,835.7591613192835,intra,3.2877924844903323,0.0
977,978,835.7591613192835,intra,3.2877924844903323,0.0
978,979,835.7591613192835,intra,3.2877924844903323,0.0
979,980,835.7591613192835,intra,3.2877924844903323,0.0
980,981,835.7591613192835,intra,3.2877924844903323,0.0
981,982,835.7591613192835,intra,3.2877924844903323,0.0
982,983,835.7591613192835,intra,3.2877924844903323,0.0
983,984,835.7591613192835,intra,3.2877924844903323,0.0
984,985,835.7591613192835,intra,3.2877924844903323,0.0
985,986,835.7591613192835,intra,3.2877924844903323,0.0
986,987,835.7591613192835,intra,3.2877924844903323,0.0
936,987,835.7591613192835,intra,3.2877924844903323,0.0
988,989,835.7591613192835,intra,3.2877924844903323,0.0
989,990,835.7591613192835,intra,3.2877924844903323,0.0
990,991,835.7591613192835,intra,3.2877924844903323,0.0
991,992,835.7591613192835,intra,3.2877924844903323,0.0
992,993,835.7591613192835,intra,3.2877924844903323,0.0
993,994,835.7591613192835,intra,3.2877924844903323,0.0
994,995,835.7591613192835,intra,3.2877924844903323,0.0
995,996,835.7591613192835,intra,3.2877924844903323,0.0
996,997,835.7591613192835,intra,3.2877924844903323,0.0
997,998,835.7591613192835,intra,3.2877924844903323,0.0
998,999,835.7591613192835,intra,3.2877924844903323,0.0
999,1000,835.7591613192835,intra,3.2877924844903323,0.0
1000,1001,835.7591613192835,intra,3.2877924844903323,0.0
1001,1002,835.7591613192835,intra,3.2877924844903323,0.0
1002,1003,835.7591613192835,intra,3.2877924844903323,0.0
1003,1004,835.7591613192835,intra,3.2877924844903323,0.0
1004,1005,835.7591613192835,intra,3.2877924844903323,0.0
1005,1006,835.7591613192835,intra,3.2877924844903323,0.0
1006,1007,835.7591613192835,intra,3.2877924844903323,0.0
1007,1008,835.7591613192835,intra,3.2877924844903323,0.0
1008,1009,835.7591613192835,intra,3.2877924844903323,0.0
1009,1010,835.7591613192835,intra,3.2877924844903323,0.0
1010,1011,835.7591613192835,intra,3.2877924844903323,0.0
1011,1012,835.7591613192835,intra,3.2877924844903323,0.0015873015873015873
1012,1013,835.7591613192835,intra,3.2877924844903323,0.004761904761904762
1013,1014,835.7591613192835,intra,3.2877924844903323,0.009523809523809523
1014,1015,835.7591613192835,intra,3.2877924844903323,0.014285714285714284
1015,1016,835.7591613192835,intra,3.2877924844903323,0.01904761904761905
1016,1017,835.7591613192835,intra,3.2877924844903323,0.01746031746031746
1017,1018,835.7591613192835,intra,3.2877924844903323,0.01904761904761905
1018,1019,835.7591613192835,intra,3.2877924844903323,0.01904761904761905
1019,1020,835.7591613192835,intra,3.2877924844903323,0.020634920634920638
1020,1021,835.7591613192835,intra,3.2877924844903323,0.0
1021,1022,835.7591613192835,intra,3.2877924844903323,0.0
1022,1023,835.7591613192835,intra,3.2877924844903323,0.0
1023,1024,835.7591613192835,intra,3.2877924844903323,0.0
1024,1025,835.7591613192835,intra,3.2877924844903323,0.0
1025,1026,835.7591613192835,intra,3.2877924844903323,0.0
1026,1027,835.7591613192835,intra,3.2877924844903323,0.0
1027,1028,835.7591613192835,intra,3.2877924844903323,0.0
1028,1029,835.7591613192835,intra,3.2877924844903323,0.0
1029,1030,835.7591613192835,intra,3.2877924844903323,0.0
1030,1031,835.7591613192835,intra,3.2877924844903323,0.0
1031,1032,835.7591613192835,intra,3.2877924844903323,0.0
1032,1033,835.7591613192835,intra,3.2877924844903323,0.0
1033,1034,835.7591613192835,intra,3.2877924844903323,0.0
1034,1035,835.7591613192835,intra,3.2877924844903323,0.0
1035,1036,835.7591613192835,intra,3.2877924844903323,0.0
1036,1037,835.7591613192835,intra,3.2877924844903323,0.0
1037,1038,835.7591613192835,intra,3.2877924844903323,0.0
1038,1039,835.7591613192835,intra,3.2877924844903323,0.0
988,1039,835.7591613192835,intra,3.2877924844903323,0.0
1040,1041,835.7591613192835,intra,3.2877924844903323,0.0
1041,1042,835.7591613192835,intra,3.2877924844903323,0.0
1042,1043,835.7591613192835,intra,3.2877924844903323,0.0
1043,1044,835.7591613192835,intra,3.2877924844903323,0.0
1044,1045,835.7591613192835,intra,3.2877924844903323,0.0
1045,1046,835.7591613192835,intra,3.2877924844903323,0.0
1046,1047,835.7591613192835,intra,3.2877924844903323,0.0
1047,1048,835.7591613192835,intra,3.2877924844903323,0.0
1048,1049,835.7591613192835,intra,3.2877924844903323,0.0
1049,1050,835.7591613192835,intra,3.2877924844903323,0.0
1050,1051,835.7591613192835,intra,3.2877924844903323,0.0
1051,1052,835.7591613192835,intra,3.2877924844903323,0.0
1052,1053,835.7591613192835,intra,3.2877924844903323,0.0
1053,1054,835.7591613192835,intra,3.2877924844903323,0.0
1054,1055,835.7591613192835,intra,3.2877924844903323,0.0
1055,1056,835.7591613192835,intra,3.2877924844903323,0.0
1056,1057,835.7591613192835,intra,3.2877924844903323,0.0
1057,1058,835.7591613192835,intra,3.2877924844903323,0.0
1058,1059,835.7591613192835,intra,3.2877924844903323,0.0
1059,1060,835.7591613192835,intra,3.2877924844903323,0.0
1060,1061,835.7591613192835,intra,3.2877924844903323,0.0
1061,1062,835.7591613192835,intra,3.2877924844903323,0.0
1062,1063,835.7591613192835,intra,3.2877924844903323,0.0031746031746031746
1063,1064,835.7591613192835,intra,3.2877924844903323,0.009523809523809523
1064,1065,835.7591613192835,intra,3.2877924844903323,0.01746031746031746
1065,1066,835.7591613192835,intra,3.2877924844903323,0.023809523809523815
1066,1067,835.7591613192835,intra,3.2877924844903323,0.03333333333333335
1067,1068,835.7591613192835,intra,3.2877924844903323,0.03809523809523811
1068,1069,835.7591613192835,intra,3.2877924844903323,0.0396825396825397
1069,1070,835.7591613192835,intra,3.2877924844903323,0.025396825396825404
1070,1071,835.7591613192835,intra,3.2877924844903323,0.02857142857142858
1071,1072,835.7591613192835,intra,3.2877924844903323,0.0
1072,1073,835.7591613192835,intra,3.2877924844903323,0.0
1073,1074,835.7591613192835,intra,3.2877924844903323,0.0
1074,1075,835.7591613192835,intra,3.2877924844903323,0.0
1075,1076,835.7591613192835,intra,3.2877924844903323,0.0
1076,1077,835.7591613192835,intra,3.2877924844903323,0.0
1077,1078,835.7591613192835,intra,3.2877924844903323,0.0
1078,1079,835.7591613192835,intra,3.2877924844903323,0.0
1079,1080,835.7591613192835,intra,3.2877924844903323,0.0
1080,1081,835.7591613192835,intra,3.2877924844903323,0.0
1081,1082,835.7591613192835,intra,3.2877924844903323,0.0
1082,1083,835.7591613192835,intra,3.2877924844903323,0.0
1083,1084,835.7591613192835,intra,3.2877924844903323,0.0
1084,1085,835.7591613192835,intra,3.2877924844903323,0.0
1085,1086,835.7591613192835,intra,3.2877924844903323,0.0
1086,1087,835.7591613192835,intra,3.2877924844903323,0.0
1087,1088,835.7591613192835,intra,3.2877924844903323,0.0
1088,1089,835.7591613192835,intra,3.2877924844903323,0.0
1089,1090,835.7591613192835,intra,3.2877924844903323,0.0
1090,1091,835.7591613192835,intra,3.2877924844903323,0.0
1040,1091,835.7591613192835,intra,3.2877924844903323,0.0
1092,1093,835.7591613192835,intra,3.2877924844903323,0.0
1093,1094,835.7591613192835,intra,3.2877924844903323,0.0
1094,1095,835.7591613192835,intra,3.2877924844903323,0.0
1095,1096,835.7591613192835,intra,3.2877924844903323,0.0
1096,1097,835.7591613192835,intra,3.2877924844903323,0.0
1097,1098,835.7591613192835,intra,3.2877924844903323,0.0
1098,1099,835.7591613192835,intra,3.2877924844903323,0.0
1099,1100,835.7591613192835,intra,3.2877924844903323,0.0
1100,1101,835.7591613192835,intra,3.2877924844903323,0.0
1101,1102,835.7591613192835,intra,3.2877924844903323,0.0
1102,1103,835.7591613192835,intra,3.2877924844903323,0.0
1103,1104,835.7591613192835,intra,3.2877924844903323,0.0
1104,1105,835.7591613192835,intra,3.2877924844903323,0.0
1105,1106,835.7591613192835,intra,3.2877924844903323,0.0
1106,1107,835.7591613192835,intra,3.2877924844903323,0.0
1107,1108,835.7591613192835,intra,3.2877924844903323,0.0
1108,1109,835.7591613192835,intra,3.2877924844903323,0.0
1109,1110,835.7591613192835,intra,3.2877924844903323,0.0
1110,1111,835.7591613192835,intra,3.2877924844903323,0.0
1111,1112,835.7591613192835,intra,3.2877924844903323,0.0
1112,1113,835.7591613192835,intra,3.2877924844903323,0.0
1113,1114,835.7591613192835,intra,3.2877924844903323,0.004761904761904762
1114,1115,835.7591613192835,intra,3.2877924844903323,0.012698412698412697
1115,1116,835.7591613192835,intra,3.2877924844903323,0.023809523809523815
1116,1117,835.7591613192835,intra,3.2877924844903323,0.03174603174603176
1117,1118,835.7591613192835,intra,3.2877924844903323,0.0396825396825397
1118,1119,835.7591613192835,intra,3.2877924844903323,0.04126984126984129
1119,1120,835.7591613192835,intra,3.2877924844903323,0.034920634920634935
1120,1121,835.7591613192835,intra,3.2877924844903323,0.0396825396825397
1121,1122,835.7591613192835,intra,3.2877924844903323,0.023809523809523815
1122,1123,835.7591613192835,intra,3.2877924844903323,0.026984126984126992
1123,1124,835.7591613192835,intra,3.2877924844903323,0.0
1124,1125,835.7591613192835,intra,3.2877924844903323,0.0
1125,1126,835.7591613192835,intra,3.2877924844903323,0.0
1126,1127,835.7591613192835,intra,3.2877924844903323,0.0
1127,1128,835.7591613192835,intra,3.2877924844903323,0.0
1128,1129,835.7591613192835,intra,3.2877924844903323,0.0
1129,1130,835.7591613192835,intra,3.2877924844903323,0.0
1130,1131,835.7591613192835,intra,3.2877924844903323,0.0
1131,1132,835.7591613192835,intra,3.2877924844903323,0.0
1132,1133,835.7591613192835,intra,3.2877924844903323,0.0
1133,1134,835.7591613192835,intra,3.2877924844903323,0.0
1134,1135,835.7591613192835,intra,3.2877924844903323,0.0
1135,1136,835.7591613192835,intra,3.2877924844903323,0.0
1136,1137,835.7591613192835,intra,3.2877924844903323,0.0
1137,1138,835.7591613192835,intra,3.2877924844903323,0.0
1138,1139,835.7591613192835,intra,3.2877924844903323,0.0
1139,1140,835.7591613192835,intra,3.2877924844903323,0.0
1140,1141,835.7591613192835,intra,3.2877924844903323,0.0
1141,1142,835.7591613192835,intra,3.2877924844903323,0.0
1142,1143,835.7591613192835,intra,3.2877924844903323,0.0
1092,1143,835.7591613192835,intra,3.2877924844903323,0.0
1144,1145,835.7591613192835,intra,3.2877924844903323,0.0
1145,1146,835.7591613192835,intra,3.2877924844903323,0.0
1146,1147,835.7591613192835,intra,3.2877924844903323,0.0
1147,1148,835.7591613192835,intra,3.2877924844903323,0.0
1148,1149,835.7591613192835,intra,3.2877924844903323,0.0
1149,1150,835.7591613192835,intra,3.2877924844903323,0.0
1150,1151,835.7591613192835,intra,3.2877924844903323,0.0
1151,1152,835.7591613192835,intra,3.2877924844903323,0.0
1152,1153,835.7591613192835,intra,3.2877924844903323,0.0
1153,1154,835.7591613192835,intra,3.2877924844903323,0.0
1154,1155,835.7591613192835,intra,3.2877924844903323,0.0
1155,1156,835.7591613192835,intra,3.2877924844903323,0.0
1156,1157,835.7591613192835,intra,3.2877924844903323,0.0
1157,1158,835.7591613192835,intra,3.2877924844903323,0.0
1158,1159,835.7591613192835,intra,3.2877924844903323,0.0
1159,1160,835.7591613192835,intra,3.2877924844903323,0.0
1160,1161,835.7591613192835,intra,3.2877924844903323,0.0
1161,1162,835.7591613192835,intra,3.2877924844903323,0.0
1162,1163,835.7591613192835,intra,3.2877924844903323,0.0
1163,1164,835.7591613192835,intra,3.2877924844903323,0.0
1164,1165,835.7591613192835,intra,3.2877924844903323,0.0031746031746031746
1165,1166,835.7591613192835,intra,3.2877924844903323,0.01111111111111111
1166,1167,835.7591613192835,intra,3.2877924844903323,0.01746031746031746
1167,1168,835.7591613192835,intra,3.2877924844903323,0.023809523809523815
1168,1169,835.7591613192835,intra,3.2877924844903323,0.026984126984126992
1169,1170,835.7591613192835,intra,3.2877924844903323,0.02857142857142858
1170,1171,835.7591613192835,intra,3.2877924844903323,0.022222222222222227
1171,1172,835.7591613192835,intra,3.2877924844903323,0.023809523809523815
1172,1173,835.7591613192835,intra,3.2877924844903323,0.026984126984126992
1173,1174,835.7591613192835,intra,3.2877924844903323,0.0
1174,1175,835.7591613192835,intra,3.2877924844903323,0.0
1175,1176,835.7591613192835,intra,3.2877924844903323,0.0
1176,1177,835.7591613192835,intra,3.2877924844903323,0.0
1177,1178,835.7591613192835,intra,3.2877924844903323,0.0
1178,1179,835.7591613192835,intra,3.2877924844903323,0.0
1179,1180,835.7591613192835,intra,3.2877924844903323,0.0
1180,1181,835.7591613192835,intra,3.2877924844903323,0.0
1181,1182,835.7591613192835,intra,3.2877924844903323,0.0
1182,1183,835.7591613192835,intra,3.2877924844903323,0.0
1183,1184,835.7591613192835,intra,3.2877924844903323,0.0
1184,1185,835.7591613192835,intra,3.2877924844903323,0.0
1185,1186,835.7591613192835,intra,3.2877924844903323,0.0
1186,1187,835.7591613192835,intra,3.2877924844903323,0.0
1187,1188,835.7591613192835,intra,3.2877924844903323,0.0
1188,1189,835.7591613192835,intra,3.2877924844903323,0.0
1189,1190,835.7591613192835,intra,3.2877924844903323,0.0
1190,1191,835.7591613192835,intra,3.2877924844903323,0.0
1191,1192,835.7591613192835,intra,3.2877924844903323,0.0
1192,1193,835.7591613192835,intra,3.2877924844903323,0.0
1193,1194,835.7591613192835,intra,3.2877924844903323,0.0
1194,1195,835.7591613192835,intra,3.2877924844903323,0.0
1144,1195,835.7591613192835,intra,3.2877924844903323,0.0
1196,1197,835.7591613192835,intra,3.2877924844903323,0.0
1197,1198,835.7591613192835,intra,3.2877924844903323,0.0
1198,1199,835.7591613192835,intra,3.2877924844903323,0.0
1199,1200,835.7591613192835,intra,3.2877924844903323,0.0
1200,1201,835.7591613192835,intra,3.2877924844903323,0.0
1201,1202,835.7591613192835,intra,3.2877924844903323,0.0
1202,1203,835.7591613192835,intra,3.2877924844903323,0.0
1203,1204,835.7591613192835,intra,3.2877924844903323,0.0
1204,1205,835.7591613192835,intra,3.2877924844903323,0.0
1205,1206,835.7591613192835,intra,3.2877924844903323,0.0
1206,1207,835.7591613192835,intra,3.2877924844903323,0.0
1207,1208,835.7591613192835,intra,3.2877924844903323,0.0
1208,1209,835.7591613192835,intra,3.2877924844903323,0.0
1209,1210,835.7591613192835,intra,3.2877924844903323,0.0
1210,1211,835.7591613192835,intra,3.2877924844903323,0.0
1211,1212,835.7591613192835,intra,3.2877924844903323,0.0
1212,1213,835.7591613192835,intra,3.2877924844903323,0.0
1213,1214,835.7591613192835,intra,3.2877924844903323,0.0
1214,1215,835.7591613192835,intra,3.2877924844903323,0.0
1215,1216,835.7591613192835,intra,3.2877924844903323,0.0031746031746031746
1216,1217,835.7591613192835,intra,3.2877924844903323,0.007936507936507936
1217,1218,835.7591613192835,intra,3.2877924844903323,0.01111111111111111
1218,1219,835.7591613192835,intra,3.2877924844903323,0.015873015873015872
1219,1220,835.7591613192835,intra,3.2877924844903323,0.020634920634920638
1220,1221,835.7591613192835,intra,3.2877924844903323,0.009523809523809523
1221,1222,835.7591613192835,intra,3.2877924844903323,0.012698412698412697
1222,1223,835.7591613192835,intra,3.2877924844903323,0.0
1223,1224,835.7591613192835,intra,3.2877924844903323,0.0
1224,1225,835.7591613192835,intra,3.2877924844903323,0.0
1225,1226,835.7591613192835,intra,3.2877924844903323,0.0
1226,1227,835.7591613192835,intra,3.2877924844903323,0.0
1227,1228,835.7591613192835,intra,3.2877924844903323,0.0
1228,1229,835.7591613192835,intra,3.2877924844903323,0.0
1229,1230,835.7591613192835,intra,3.2877924844903323,0.0
1230,1231,835.7591613192835,intra,3.2877924844903323,0.0
1231,1232,835.7591613192835,intra,3.2877924844903323,0.0
1232,1233,835.7591613192835,intra,3.2877924844903323,0.0
1233,1234,835.7591613192835,intra,3.2877924844903323,0.0
1234,1235,835.7591613192835,intra,3.2877924844903323,0.0
1235,1236,835.7591613192835,intra,3.2877924844903323,0.0
1236,1237,835.7591613192835,intra,3.2877924844903323,0.0
1237,1238,835.7591613192835,intra,3.2877924844903323,0.0
1238,1239,835.7591613192835,intra,3.2877924844903323,0.0
1239,1240,835.7591613192835,intra,3.2877924844903323,0.0
1240,1241,835.7591613192835,intra,3.2877924844903323,0.0
1241,1242,835.7591613192835,intra,3.2877924844903323,0.0
1242,1243,835.7591613192835,intra,3.2877924844903323,0.0
1243,1244,835.7591613192835,intra,3.2877924844903323,0.0
1244,1245,835.7591613192835,intra,3.2877924844903323,0.0
1245,1246,835.7591613192835,intra,3.2877924844903323,0.0
1246,1247,835.7591613192835,intra,3.2877924844903323,0.0
1196,1247,835.7591613192835,intra,3.2877924844903323,0.0
1248,1249,835.7591613192835,intra,3.2877924844903323,0.0
1249,1250,835.7591613192835,intra,3.2877924844903323,0.0
1250,1251,835.7591613192835,intra,3.2877924844903323,0.0
1251,1252,835.7591613192835,intra,3.2877924844903323,0.0
1252,1253,835.7591613192835,intra,3.2877924844903323,0.0
1253,1254,835.7591613192835,intra,3.2877924844903323,0.0
1254,1255,835.7591613192835,intra,3.2877924844903323,0.0
1255,1256,835.7591613192835,intra,3.2877924844903323,0.0
1256,1257,835.7591613192835,intra,3.2877924844903323,0.0
1257,1258,835.7591613192835,intra,3.2877924844903323,0.0
1258,1259,835.7591613192835,intra,3.2877924844903323,0.0
1259,1260,835.7591613192835,intra,3.2877924844903323,0.0
1260,1261,835.7591613192835,intra,3.2877924844903323,0.0
1261,1262,835.7591613192835,intra,3.2877924844903323,0.0
1262,1263,835.7591613192835,intra,3.2877924844903323,0.0
1263,1264,835.7591613192835,intra,3.2877924844903323,0.0
1264,1265,835.7591613192835,intra,3.2877924844903323,0.0
1265,1266,835.7591613192835,intra,3.2877924844903323,0.0
1266,1267,835.7591613192835,intra,3.2877924844903323,0.004761904761904762
1267,1268,835.7591613192835,intra,3.2877924844903323,0.007936507936507936
1268,1269,835.7591613192835,intra,3.2877924844903323,0.014285714285714284
1269,1270,835.7591613192835,intra,3.2877924844903323,0.020634920634920638
1270,1271,835.7591613192835,intra,3.2877924844903323,0.025396825396825404
1271,1272,835.7591613192835,intra,3.2877924844903323,0.02857142857142858
1272,1273,835.7591613192835,intra,3.2877924844903323,0.03174603174603176
1273,1274,835.7591613192835,intra,3.2877924844903323,0.036507936507936524
1274,1275,835.7591613192835,intra,3.2877924844903323,0.026984126984126992
1275,1276,835.7591613192835,intra,3.2877924844903323,0.0
1276,1277,835.7591613192835,intra,3.2877924844903323,0.0
1277,1278,835.7591613192835,intra,3.2877924844903323,0.0
1278,1279,835.7591613192835,intra,3.2877924844903323,0.0
1279,1280,835.7591613192835,intra,3.2877924844903323,0.0
1280,1281,835.7591613192835,intra,3.2877924844903323,0.0
1281,1282,835.7591613192835,intra,3.2877924844903323,0.0
1282,1283,835.7591613192835,intra,3.2877924844903323,0.0
1283,1284,835.7591613192835,intra,3.2877924844903323,0.0
1284,1285,835.7591613192835,intra,3.2877924844903323,0.0
1285,1286,835.7591613192835,intra,3.2877924844903323,0.0
1286,1287,835.7591613192835,intra,3.2877924844903323,0.0
1287,1288,835.7591613192835,intra,3.2877924844903323,0.0
1288,1289,835.7591613192835,intra,3.2877924844903323,0.0
1289,1290,835.7591613192835,intra,3.2877924844903323,0.0
1290,1291,835.7591613192835,intra,3.2877924844903323,0.0
1291,1292,835.7591613192835,intra,3.2877924844903323,0.0
1292,1293,835.7591613192835,intra,3.2877924844903323,0.0
1293,1294,835.7591613192835,intra,3.2877924844903323,0.0
1294,1295,835.7591613192835,intra,3.2877924844903323,0.0
1295,1296,835.7591613192835,intra,3.2877924844903323,0.0
1296,1297,835.7591613192835,intra,3.2877924844903323,0.0
1297,1298,835.7591613192835,intra,3.2877924844903323,0.0
1298,1299,835.7591613192835,intra,3.2877924844903323,0.0
1248,1299,835.7591613192835,intra,3.2877924844903323,0.0
1300,1301,835.7591613192835,intra,3.2877924844903323,0.0
1301,1302,835.7591613192835,intra,3.2877924844903323,0.0
1302,1303,835.7591613192835,intra,3.2877924844903323,0.0
1303,1304,835.7591613192835,intra,3.2877924844903323,0.0
1304,1305,835.7591613192835,intra,3.2877924844903323,0.0
1305,1306,835.7591613192835,intra,3.2877924844903323,0.0
1306,1307,835.7591613192835,intra,3.2877924844903323,0.0
1307,1308,835.7591613192835,intra,3.2877924844903323,0.0
1308,1309,835.7591613192835,intra,3.2877924844903323,0.0
1309,1310,835.7591613192835,intra,3.2877924844903323,0.0
1310,1311,835.7591613192835,intra,3.2877924844903323,0.0
1311,1312,835.7591613192835,intra,3.2877924844903323,0.0
1312,1313,835.7591613192835,intra,3.2877924844903323,0.0
1313,1314,835.7591613192835,intra,3.2877924844903323,0.0
1314,1315,835.7591613192835,intra,3.2877924844903323,0.0
1315,1316,835.7591613192835,intra,3.2877924844903323,0.0
1316,1317,835.7591613192835,intra,3.2877924844903323,0.0
1317,1318,835.7591613192835,intra,3.2877924844903323,0.0031746031746031746
1318,1319,835.7591613192835,intra,3.2877924844903323,0.012698412698412697
1319,1320,835.7591613192835,intra,3.2877924844903323,0.009523809523809523
1320,1321,835.7591613192835,intra,3.2877924844903323,0.009523809523809523
1321,1322,835.7591613192835,intra,3.2877924844903323,0.012698412698412697
1322,1323,835.7591613192835,intra,3.2877924844903323,0.014285714285714284
1323,1324,835.7591613192835,intra,3.2877924844903323,0.012698412698412697
1324,1325,835.7591613192835,intra,3.2877924844903323,0.012698412698412697
1325,1326,835.7591613192835,intra,3.2877924844903323,0.0
1326,1327,835.7591613192835,intra,3.2877924844903323,0.0
1327,1328,835.7591613192835,intra,3.2877924844903323,0.0
1328,1329,835.7591613192835,intra,3.2877924844903323,0.0
1329,1330,835.7591613192835,intra,3.2877924844903323,0.0
1330,1331,835.7591613192835,intra,3.2877924844903323,0.0
1331,1332,835.7591613192835,intra,3.2877924844903323,0.0
1332,1333,835.7591613192835,intra,3.2877924844903323,0.0
1333,1334,835.7591613192835,intra,3.2877924844903323,0.0
1334,1335,835.7591613192835,intra,3.2877924844903323,0.0
1335,1336,835.7591613192835,intra,3.2877924844903323,0.0
1336,1337,835.7591613192835,intra,3.2877924844903323,0.0
1337,1338,835.7591613192835,intra,3.2877924844903323,0.0
1338,1339,835.7591613192835,intra,3.2877924844903323,0.0
1339,1340,835.7591613192835,intra,3.2877924844903323,0.0
1340,1341,835.7591613192835,intra,3.2877924844903323,0.0
1341,1342,835.7591613192835,intra,3.2877924844903323,0.0
1342,1343,835.7591613192835,intra,3.2877924844903323,0.0
1343,1344,835.7591613192835,intra,3.2877924844903323,0.0
1344,1345,835.7591613192835,intra,3.2877924844903323,0.0
1345,1346,835.7591613192835,intra,3.2877924844903323,0.0
1346,1347,835.7591613192835,intra,3.2877924844903323,0.0
1347,1348,835.7591613192835,intra,3.2877924844903323,0.0
1348,1349,835.7591613192835,intra,3.2877924844903323,0.0
1349,1350,835.7591613192835,intra,3.2877924844903323,0.0
1350,1351,835.7591613192835,intra,3.2877924844903323,0.0
1300,1351,835.7591613192835,intra,3.2877924844903323,0.0
1352,1353,835.7591613192835,intra,3.2877924844903323,0.0
1353,1354,835.7591613192835,intra,3.2877924844903323,0.0
1354,1355,835.7591613192835,intra,3.2877924844903323,0.0
1355,1356,835.7591613192835,intra,3.2877924844903323,0.0
1356,1357,835.7591613192835,intra,3.2877924844903323,0.0
1357,1358,835.7591613192835,intra,3.2877924844903323,0.0
1358,1359,835.7591613192835,intra,3.2877924844903323,0.0
1359,1360,835.7591613192835,intra,3.2877924844903323,0.0
1360,1361,835.7591613192835,intra,3.2877924844903323,0.0
1361,1362,835.7591613192835,intra,3.2877924844903323,0.0
1362,1363,835.7591613192835,intra,3.2877924844903323,0.0
1363,1364,835.7591613192835,intra,3.2877924844903323,0.0
1364,1365,835.7591613192835,intra,3.2877924844903323,0.0
1365,1366,835.7591613192835,intra,3.2877924844903323,0.0
1366,1367,835.7591613192835,intra,3.2877924844903323,0.0
1367,1368,835.7591613192835,intra,3.2877924844903323,0.0
1368,1369,835.7591613192835,intra,3.2877924844903323,0.0031746031746031746
1369,1370,835.7591613192835,intra,3.2877924844903323,0.009523809523809523
1370,1371,835.7591613192835,intra,3.2877924844903323,0.01111111111111111
1371,1372,835.7591613192835,intra,3.2877924844903323,0.014285714285714284
1372,1373,835.7591613192835,intra,3.2877924844903323,0.012698412698412697
1373,1374,835.7591613192835,intra,3.2877924844903323,0.015873015873015872
1374,1375,835.7591613192835,intra,3.2877924844903323,0.0
1375,1376,835.7591613192835,intra,3.2877924844903323,0.0
1376,1377,835.7591613192835,intra,3.2877924844903323,0.0
1377,1378,835.7591613192835,intra,3.2877924844903323,0.0
1378,1379,835.7591613192835,intra,3.2877924844903323,0.0
1379,1380,835.7591613192835,intra,3.2877924844903323,0.0
1380,1381,835.7591613192835,intra,3.2877924844903323,0.0
1381,1382,835.7591613192835,intra,3.2877924844903323,0.0
1382,1383,835.7591613192835,intra,3.2877924844903323,0.0
1383,1384,835.7591613192835,intra,3.2877924844903323,0.0
1384,1385,835.7591613192835,intra,3.2877924844903323,0.0
1385,1386,835.7591613192835,intra,3.2877924844903323,0.0
1386,1387,835.7591613192835,intra,3.2877924844903323,0.0
1387,1388,835.7591613192835,intra,3.2877924844903323,0.0
1388,1389,835.7591613192835,intra,3.2877924844903323,0.0
1389,1390,835.7591613192835,intra,3.2877924844903323,0.0
1390,1391,835.7591613192835,intra,3.2877924844903323,0.0
1391,1392,835.7591613192835,intra,3.2877924844903323,0.0
1392,1393,835.7591613192835,intra,3.2877924844903323,0.0
1393,1394,835.7591613192835,intra,3.2877924844903323,0.0
1394,1395,835.7591613192835,intra,3.2877924844903323,0.0
1395,1396,835.7591613192835,intra,3.2877924844903323,0.0
1396,1397,835.7591613192835,intra,3.2877924844903323,0.0
1397,1398,835.7591613192835,intra,3.2877924844903323,0.0
1398,1399,835.7591613192835,intra,3.2877924844903323,0.0
1399,1400,835.7591613192835,intra,3.2877924844903323,0.0
1400,1401,835.7591613192835,intra,3.2877924844903323,0.0
1401,1402,835.7591613192835,intra,3.2877924844903323,0.0
1402,1403,835.7591613192835,intra,3.2877924844903323,0.0
1352,1403,835.7591613192835,intra,3.2877924844903323,0.0
1404,1405,835.7591613192835,intra,3.2877924844903323,0.0
1405,1406,835.7591613192835,intra,3.2877924844903323,0.0
1406,1407,835.7591613192835,intra,3.2877924844903323,0.0
1407,1408,835.7591613192835,intra,3.2877924844903323,0.0
1408,1409,835.7591613192835,intra,3.2877924844903323,0.0
1409,1410,835.7591613192835,intra,3.2877924844903323,0.0
1410,1411,835.7591613192835,intra,3.2877924844903323,0.0
1411,1412,835.7591613192835,intra,3.2877924844903323,0.0
1412,1413,835.7591613192835,intra,3.2877924844903323,0.0
1413,1414,835.7591613192835,intra,3.2877924844903323,0.0
1414,1415,835.7591613192835,intra,3.2877924844903323,0.0
1415,1416,835.7591613192835,intra,3.2877924844903323,0.0
1416,1417,835.7591613192835,intra,3.2877924844903323,0.0
1417,1418,835.7591613192835,intra,3.2877924844903323,0.0
1418,1419,835.7591613192835,intra,3.2877924844903323,0.0
1419,1420,835.7591613192835,intra,3.2877924844903323,0.007936507936507936
1420,1421,835.7591613192835,intra,3.2877924844903323,0.0015873015873015873
1421,1422,835.7591613192835,intra,3.2877924844903323,0.0015873015873015873
1422,1423,835.7591613192835,intra,3.2877924844903323,0.0015873015873015873
1423,1424,835.7591613192835,intra,3.2877924844903323,0.0015873015873015873
1424,1425,835.7591613192835,intra,3.2877924844903323,0.0
1425,1426,835.7591613192835,intra,3.2877924844903323,0.0
1426,1427,835.7591613192835,intra,3.2877924844903323,0.0
1427,1428,835.7591613192835,intra,3.2877924844903323,0.0
1428,1429,835.7591613192835,intra,3.2877924844903323,0.0
1429,1430,835.7591613192835,intra,3.2877924844903323,0.0
1430,1431,835.7591613192835,intra,3.2877924844903323,0.0
1431,1432,835.7591613192835,intra,3.2877924844903323,0.0
1432,1433,835.7591613192835,intra,3.2877924844903323,0.0
1433,1434,835.7591613192835,intra,3.2877924844903323,0.0
1434,1435,835.7591613192835,intra,3.2877924844903323,0.0
1435,1436,835.7591613192835,intra,3.2877924844903323,0.0
1436,1437,835.7591613192835,intra,3.2877924844903323,0.0
1437,1438,835.7591613192835,intra,3.2877924844903323,0.0
1438,1439,835.7591613192835,intra,3.2877924844903323,0.0
1439,1440,835.7591613192835,intra,3.2877924844903323,0.0
1440,1441,835.7591613192835,intra,3.2877924844903323,0.0
1441,1442,835.7591613192835,intra,3.2877924844903323,0.0
1442,1443,835.7591613192835,intra,3.2877924844903323,0.0
1443,1444,835.7591613192835,intra,3.2877924844903323,0.0
1444,1445,835.7591613192835,intra,3.2877924844903323,0.0
1445,1446,835.7591613192835,intra,3.2877924844903323,0.0
1446,1447,835.7591613192835,intra,3.2877924844903323,0.0
1447,1448,835.7591613192835,intra,3.2877924844903323,0.0
1448,1449,835.7591613192835,intra,3.2877924844903323,0.0
1449,1450,835.7591613192835,intra,3.2877924844903323,0.0
1450,1451,835.7591613192835,intra,3.2877924844903323,0.0
1451,1452,835.7591613192835,intra,3.2877924844903323,0.0
1452,1453,835.7591613192835,intra,3.2877924844903323,0.0
1453,1454,835.7591613192835,intra,3.2877924844903323,0.0
1454,1455,835.7591613192835,intra,3.2877924844903323,0.0
1404,1455,835.7591613192835,intra,3.2877924844903323,0.0
1456,1457,835.7591613192835,intra,3.2877924844903323,0.0
1457,1458,835.7591613192835,intra,3.2877924844903323,0.0
1458,1459,835.7591613192835,intra,3.2877924844903323,0.0
1459,1460,835.7591613192835,intra,3.2877924844903323,0.0
1460,1461,835.7591613192835,intra,3.2877924844903323,0.0
1461,1462,835.7591613192835,intra,3.2877924844903323,0.0
1462,1463,835.7591613192835,intra,3.2877924844903323,0.0
1463,1464,835.7591613192835,intra,3.2877924844903323,0.0
1464,1465,835.7591613192835,intra,3.2877924844903323,0.0
1465,1466,835.7591613192835,intra,3.2877924844903323,0.0
1466,1467,835.7591613192835,intra,3.2877924844903323,0.0
1467,1468,835.7591613192835,intra,3.2877924844903323,0.0
1468,1469,835.7591613192835,intra,3.2877924844903323,0.0015873015873015873
1469,1470,835.7591613192835,intra,3.2877924844903323,0.0
1470,1471,835.7591613192835,intra,3.2877924844903323,0.007936507936507936
1471,1472,835.7591613192835,intra,3.2877924844903323,0.0031746031746031746
1472,1473,835.7591613192835,intra,3.2877924844903323,0.0
1473,1474,835.7591613192835,intra,3.2877924844903323,0.0
1474,1475,835.7591613192835,intra,3.2877924844903323,0.0
1475,1476,835.7591613192835,intra,3.2877924844903323,0.0
1476,1477,835.7591613192835,intra,3.2877924844903323,0.0
1477,1478,835.7591613192835,intra,3.2877924844903323,0.0
1478,1479,835.7591613192835,intra,3.2877924844903323,0.0
1479,1480,835.7591613192835,intra,3.2877924844903323,0.0
1480,1481,835.7591613192835,intra,3.2877924844903323,0.0
1481,1482,835.7591613192835,intra,3.2877924844903323,0.0
1482,1483,835.7591613192835,intra,3.2877924844903323,0.0
1483,1484,835.7591613192835,intra,3.2877924844903323,0.0
1484,1485,835.7591613192835,intra,3.2877924844903323,0.0
1485,1486,835.7591613192835,intra,3.2877924844903323,0.0
1486,1487,835.7591613192835,intra,3.2877924844903323,0.0
1487,1488,835.7591613192835,intra,3.2877924844903323,0.0
1488,1489,835.7591613192835,intra,3.2877924844903323,0.0
1489,1490,835.7591613192835,intra,3.2877924844903323,0.0
1490,1491,835.7591613192835,intra,3.2877924844903323,0.0
1491,1492,835.7591613192835,intra,3.2877924844903323,0.0
1492,1493,835.7591613192835,intra,3.2877924844903323,0.0
1493,1494,835.7591613192835,intra,3.2877924844903323,0.0
1494,1495,835.7591613192835,intra,3.2877924844903323,0.0
1495,1496,835.7591613192835,intra,3.2877924844903323,0.0
1496,1497,835.7591613192835,intra,3.2877924844903323,0.0
1497,1498,835.7591613192835,intra,3.2877924844903323,0.0
1498,1499,835.7591613192835,intra,3.2877924844903323,0.0
1499,1500,835.7591613192835,intra,3.2877924844903323,0.0
1500,1501,835.7591613192835,intra,3.2877924844903323,0.0
1501,1502,835.7591613192835,intra,3.2877924844903323,0.0
1502,1503,835.7591613192835,intra,3.2877924844903323,0.0
1503,1504,835.7591613192835,intra,3.2877924844903323,0.0
1504,1505,835.7591613192835,intra,3.2877924844903323,0.0
1505,1506,835.7591613192835,intra,3.2877924844903323,0.0
1506,1507,835.7591613192835,intra,3.2877924844903323,0.0
1456,1507,835.7591613192835,intra,3.2877924844903323,0.0
1508,1509,835.7591613192835,intra,3.2877924844903323,0.0
1509,1510,835.7591613192835,intra,3.2877924844903323,0.0
1510,1511,835.7591613192835,intra,3.2877924844903323,0.0
1511,1512,835.7591613192835,intra,3.2877924844903323,0.0
1512,1513,835.7591613192835,intra,3.2877924844903323,0.0
1513,1514,835.7591613192835,intra,3.2877924844903323,0.0
1514,1515,835.7591613192835,intra,3.2877924844903323,0.0
1515,1516,835.7591613192835,intra,3.2877924844903323,0.0
1516,1517,835.7591613192835,intra,3.2877924844903323,0.0
1517,1518,835.7591613192835,intra,3.2877924844903323,0.0
1518,1519,835.7591613192835,intra,3.2877924844903323,0.0
1519,1520,835.7591613192835,intra,3.2877924844903323,0.0
1520,1521,835.7591613192835,intra,3.2877924844903323,0.0031746031746031746
1521,1522,835.7591613192835,intra,3.2877924844903323,0.0015873015873015873
1522,1523,835.7591613192835,intra,3.2877924844903323,0.012698412698412697
1523,1524,835.7591613192835,intra,3.2877924844903323,0.004761904761904762
1524,1525,835.7591613192835,intra,3.2877924844903323,0.007936507936507936
1525,1526,835.7591613192835,intra,3.2877924844903323,0.0
1526,1527,835.7591613192835,intra,3.2877924844903323,0.0
1527,1528,835.7591613192835,intra,3.2877924844903323,0.0
1528,1529,835.7591613192835,intra,3.2877924844903323,0.0
1529,1530,835.7591613192835,intra,3.2877924844903323,0.0
1530,1531,835.7591613192835,intra,3.2877924844903323,0.0
1531,1532,835.7591613192835,intra,3.2877924844903323,0.0
1532,1533,835.7591613192835,intra,3.2877924844903323,0.0
1533,1534,835.7591613192835,intra,3.2877924844903323,0.0
1534,1535,835.7591613192835,intra,3.2877924844903323,0.0
1535,1536,835.7591613192835,intra,3.2877924844903323,0.0
1536,1537,835.7591613192835,intra,3.2877924844903323,0.0
1537,1538,835.7591613192835,intra,3.2877924844903323,0.0
1538,1539,835.7591613192835,intra,3.2877924844903323,0.0
1539,1540,835.7591613192835,intra,3.2877924844903323,0.0
1540,1541,835.7591613192835,intra,3.2877924844903323,0.0
1541,1542,835.7591613192835,intra,3.2877924844903323,0.0
1542,1543,835.7591613192835,intra,3.2877924844903323,0.0
1543,1544,835.7591613192835,intra,3.2877924844903323,0.0
1544,1545,835.7591613192835,intra,3.2877924844903323,0.0
1545,1546,835.7591613192835,intra,3.2877924844903323,0.0
1546,1547,835.7591613192835,intra,3.2877924844903323,0.0
1547,1548,835.7591613192835,intra,3.2877924844903323,0.0
1548,1549,835.7591613192835,intra,3.2877924844903323,0.0
1549,1550,835.7591613192835,intra,3.2877924844903323,0.0
1550,1551,835.7591613192835,intra,3.2877924844903323,0.0
1551,1552,835.7591613192835,intra,3.2877924844903323,0.0
1552,1553,835.7591613192835,intra,3.2877924844903323,0.0
1553,1554,835.7591613192835,intra,3.2877924844903323,0.0
1554,1555,835.7591613192835,intra,3.2877924844903323,0.0
1555,1556,835.7591613192835,intra,3.2877924844903323,0.0
1556,1557,835.7591613192835,intra,3.2877924844903323,0.0
1557,1558,835.7591613192835,intra,3.2877924844903323,0.0
1558,1559,835.7591613192835,intra,3.2877924844903323,0.0
1508,1559,835.7591613192835,intra,3.2877924844903323,0.0
1560,1561,835.7591613192835,intra,3.2877924844903323,0.0
1561,1562,835.7591613192835,intra,3.2877924844903323,0.0
1562,1563,835.7591613192835,intra,3.2877924844903323,0.0
1563,1564,835.7591613192835,intra,3.2877924844903323,0.0
1564,1565,835.7591613192835,intra,3.2877924844903323,0.0
1565,1566,835.7591613192835,intra,3.2877924844903323,0.0
1566,1567,835.7591613192835,intra,3.2877924844903323,0.0
1567,1568,835.7591613192835,intra,3.2877924844903323,0.0
1568,1569,835.7591613192835,intra,3.2877924844903323,0.0
1569,1570,835.7591613192835,intra,3.2877924844903323,0.0
1570,1571,835.7591613192835,intra,3.2877924844903323,0.014285714285714284
1571,1572,835.7591613192835,intra,3.2877924844903323,0.020634920634920638
1572,1573,835.7591613192835,intra,3.2877924844903323,0.015873015873015872
1573,1574,835.7591613192835,intra,3.2877924844903323,0.006349206349206349
1574,1575,835.7591613192835,intra,3.2877924844903323,0.0
1575,1576,835.7591613192835,intra,3.2877924844903323,0.0
1576,1577,835.7591613192835,intra,3.2877924844903323,0.0
1577,1578,835.7591613192835,intra,3.2877924844903323,0.0
1578,1579,835.7591613192835,intra,3.2877924844903323,0.0
1579,1580,835.7591613192835,intra,3.2877924844903323,0.0
1580,1581,835.7591613192835,intra,3.2877924844903323,0.0
1581,1582,835.7591613192835,intra,3.2877924844903323,0.0
1582,1583,835.7591613192835,intra,3.2877924844903323,0.0
1583,1584,835.7591613192835,intra,3.2877924844903323,0.0
1584,1585,835.7591613192835,intra,3.2877924844903323,0.0
1585,1586,835.7591613192835,intra,3.2877924844903323,0.0
1586,1587,835.7591613192835,intra,3.2877924844903323,0.0
1587,1588,835.7591613192835,intra,3.2877924844903323,0.0
1588,1589,835.7591613192835,intra,3.2877924844903323,0.0
1589,1590,835.7591613192835,intra,3.2877924844903323,0.0
1590,1591,835.7591613192835,intra,3.2877924844903323,0.0
1591,1592,835.7591613192835,intra,3.2877924844903323,0.0
1592,1593,835.7591613192835,intra,3.2877924844903323,0.0
1593,1594,835.7591613192835,intra,3.2877924844903323,0.0
1594,1595,835.7591613192835,intra,3.2877924844903323,0.0
1595,1596,835.7591613192835,intra,3.2877924844903323,0.0
1596,1597,835.7591613192835,intra,3.2877924844903323,0.0
1597,1598,835.7591613192835,intra,3.2877924844903323,0.0
1598,1599,835.7591613192835,intra,3.2877924844903323,0.0
1599,1600,835.7591613192835,intra,3.2877924844903323,0.0
1600,1601,835.7591613192835,intra,3.2877924844903323,0.0
1601,1602,835.7591613192835,intra,3.2877924844903323,0.0
1602,1603,835.7591613192835,intra,3.2877924844903323,0.0
1603,1604,835.7591613192835,intra,3.2877924844903323,0.0
1604,1605,835.7591613192835,intra,3.2877924844903323,0.0
1605,1606,835.7591613192835,intra,3.2877924844903323,0.0
1606,1607,835.7591613192835,intra,3.2877924844903323,0.0
1607,1608,835.7591613192835,intra,3.2877924844903323,0.0
1608,1609,835.7591613192835,intra,3.2877924844903323,0.0
1609,1610,835.7591613192835,intra,3.2877924844903323,0.0
1610,1611,835.7591613192835,intra,3.2877924844903323,0.0
1560,1611,835.7591613192835,intra,3.2877924844903323,0.0
1612,1613,835.7591613192835,intra,3.2877924844903323,0.0
1613,1614,835.7591613192835,intra,3.2877924844903323,0.0
1614,1615,835.7591613192835,intra,3.2877924844903323,0.0
1615,1616,835.7591613192835,intra,3.2877924844903323,0.0
1616,1617,835.7591613192835,intra,3.2877924844903323,0.0
1617,1618,835.7591613192835,intra,3.2877924844903323,0.0
1618,1619,835.7591613192835,intra,3.2877924844903323,0.0
1619,1620,835.7591613192835,intra,3.2877924844903323,0.0
1620,1621,835.7591613192835,intra,3.2877924844903323,0.025396825396825404
1621,1622,835.7591613192835,intra,3.2877924844903323,0.01904761904761905
1622,1623,835.7591613192835,intra,3.2877924844903323,0.014285714285714284
1623,1624,835.7591613192835,intra,3.2877924844903323,0.015873015873015872
1624,1625,835.7591613192835,intra,3.2877924844903323,0.006349206349206349
1625,1626,835.7591613192835,intra,3.2877924844903323,0.014285714285714284
1626,1627,835.7591613192835,intra,3.2877924844903323,0.0
1627,1628,835.7591613192835,intra,3.2877924844903323,0.0
1628,1629,835.7591613192835,intra,3.2877924844903323,0.0
1629,1630,835.7591613192835,intra,3.2877924844903323,0.0
1630,1631,835.7591613192835,intra,3.2877924844903323,0.0
1631,1632,835.7591613192835,intra,3.2877924844903323,0.0
1632,1633,835.7591613192835,intra,3.2877924844903323,0.0
1633,1634,835.7591613192835,intra,3.2877924844903323,0.0
1634,1635,835.7591613192835,intra,3.2877924844903323,0.0
1635,1636,835.7591613192835,intra,3.2877924844903323,0.0
1636,1637,835.7591613192835,intra,3.2877924844903323,0.0
1637,1638,835.7591613192835,intra,3.2877924844903323,0.0
1638,1639,835.7591613192835,intra,3.2877924844903323,0.0
1639,1640,835.7591613192835,intra,3.2877924844903323,0.0
1640,1641,835.7591613192835,intra,3.2877924844903323,0.0
1641,1642,835.7591613192835,intra,3.2877924844903323,0.0
1642,1643,835.7591613192835,intra,3.2877924844903323,0.0
1643,1644,835.7591613192835,intra,3.2877924844903323,0.0
1644,1645,835.7591613192835,intra,3.2877924844903323,0.0
1645,1646,835.7591613192835,intra,3.2877924844903323,0.0
1646,1647,835.7591613192835,intra,3.2877924844903323,0.0
1647,1648,835.7591613192835,intra,3.2877924844903323,0.0
1648,1649,835.7591613192835,intra,3.2877924844903323,0.0
1649,1650,835.7591613192835,intra,3.2877924844903323,0.0
1650,1651,835.7591613192835,intra,3.2877924844903323,0.0
1651,1652,835.7591613192835,intra,3.2877924844903323,0.0
1652,1653,835.7591613192835,intra,3.2877924844903323,0.0
1653,1654,835.7591613192835,intra,3.2877924844903323,0.0
1654,1655,835.7591613192835,intra,3.2877924844903323,0.0
1655,1656,835.7591613192835,intra,3.2877924844903323,0.0
1656,1657,835.7591613192835,intra,3.2877924844903323,0.0
1657,1658,835.7591613192835,intra,3.2877924844903323,0.0
1658,1659,835.7591613192835,intra,3.2877924844903323,0.0
1659,1660,835.7591613192835,intra,3.2877924844903323,0.0
1660,1661,835.7591613192835,intra,3.2877924844903323,0.0
1661,1662,835.7591613192835,intra,3.2877924844903323,0.0
1662,1663,835.7591613192835,intra,3.2877924844903323,0.0
1612,1663,835.7591613192835,intra,3.2877924844903323,0.0
1664,1665,835.7591613192835,intra,3.2877924844903323,0.0
1665,1666,835.7591613192835,intra,3.2877924844903323,0.0
1666,1667,835.7591613192835,intra,3.2877924844903323,0.0
1667,1668,835.7591613192835,intra,3.2877924844903323,0.0
1668,1669,835.7591613192835,intra,3.2877924844903323,0.0
1669,1670,835.7591613192835,intra,3.2877924844903323,0.014285714285714284
1670,1671,835.7591613192835,intra,3.2877924844903323,0.012698412698412697
1671,1672,835.7591613192835,intra,3.2877924844903323,0.025396825396825404
1672,1673,835.7591613192835,intra,3.2877924844903323,0.022222222222222227
1673,1674,835.7591613192835,intra,3.2877924844903323,0.015873015873015872
1674,1675,835.7591613192835,intra,3.2877924844903323,0.014285714285714284
1675,1676,835.7591613192835,intra,3.2877924844903323,0.006349206349206349
1676,1677,835.7591613192835,intra,3.2877924844903323,0.0031746031746031746
1677,1678,835.7591613192835,intra,3.2877924844903323,0.0
1678,1679,835.7591613192835,intra,3.2877924844903323,0.0
1679,1680,835.7591613192835,intra,3.2877924844903323,0.0
1680,1681,835.7591613192835,intra,3.2877924844903323,0.0
1681,1682,835.7591613192835,intra,3.2877924844903323,0.0
1682,1683,835.7591613192835,intra,3.2877924844903323,0.0
1683,1684,835.7591613192835,intra,3.2877924844903323,0.0
1684,1685,835.7591613192835,intra,3.2877924844903323,0.0
1685,1686,835.7591613192835,intra,3.2877924844903323,0.0
1686,1687,835.7591613192835,intra,3.2877924844903323,0.0
1687,1688,835.7591613192835,intra,3.2877924844903323,0.0
1688,1689,835.7591613192835,intra,3.2877924844903323,0.0
1689,1690,835.7591613192835,intra,3.2877924844903323,0.0
1690,1691,835.7591613192835,intra,3.2877924844903323,0.0
1691,1692,835.7591613192835,intra,3.2877924844903323,0.0
1692,1693,835.7591613192835,intra,3.2877924844903323,0.0
1693,1694,835.7591613192835,intra,3.2877924844903323,0.0
1694,1695,835.7591613192835,intra,3.2877924844903323,0.0
1695,1696,835.7591613192835,intra,3.2877924844903323,0.0
1696,1697,835.7591613192835,intra,3.2877924844903323,0.0
1697,1698,835.7591613192835,intra,3.2877924844903323,0.0
1698,1699,835.7591613192835,intra,3.2877924844903323,0.0
1699,1700,835.7591613192835,intra,3.2877924844903323,0.0
1700,1701,835.7591613192835,intra,3.2877924844903323,0.0
1701,1702,835.7591613192835,intra,3.2877924844903323,0.0
1702,1703,835.7591613192835,intra,3.2877924844903323,0.0
1703,1704,835.7591613192835,intra,3.2877924844903323,0.0
1704,1705,835.7591613192835,intra,3.2877924844903323,0.0
1705,1706,835.7591613192835,intra,3.2877924844903323,0.0
1706,1707,835.7591613192835,intra,3.2877924844903323,0.0
1707,1708,835.7591613192835,intra,3.2877924844903323,0.0
1708,1709,835.7591613192835,intra,3.2877924844903323,0.0
1709,1710,835.7591613192835,intra,3.2877924844903323,0.0
1710,1711,835.7591613192835,intra,3.2877924844903323,0.0
1711,1712,835.7591613192835,intra,3.2877924844903323,0.0
1712,1713,835.7591613192835,intra,3.2877924844903323,0.0
1713,1714,835.7591613192835,intra,3.2877924844903323,0.0
1714,1715,835.7591613192835,intra,3.2877924844903323,0.0
1664,1715,835.7591613192835,intra,3.2877924844903323,0.0
1716,1717,835.7591613192835,intra,3.2877924844903323,0.0
1717,1718,835.7591613192835,intra,3.2877924844903323,0.0
1718,1719,835.7591613192835,intra,3.2877924844903323,0.0
1719,1720,835.7591613192835,intra,3.2877924844903323,0.03333333333333335
1720,1721,835.7591613192835,intra,3.2877924844903323,0.04444444444444447
1721,1722,835.7591613192835,intra,3.2877924844903323,0.03809523809523811
1722,1723,835.7591613192835,intra,3.2877924844903323,0.034920634920634935
1723,1724,835.7591613192835,intra,3.2877924844903323,0.034920634920634935
1724,1725,835.7591613192835,intra,3.2877924844903323,0.025396825396825404
1725,1726,835.7591613192835,intra,3.2877924844903323,0.022222222222222227
1726,1727,835.7591613192835,intra,3.2877924844903323,0.009523809523809523
1727,1728,835.7591613192835,intra,3.2877924844903323,0.004761904761904762
1728,1729,835.7591613192835,intra,3.2877924844903323,0.0
1729,1730,835.7591613192835,intra,3.2877924844903323,0.0
1730,1731,835.7591613192835,intra,3.2877924844903323,0.0
1731,1732,835.7591613192835,intra,3.2877924844903323,0.0
1732,1733,835.7591613192835,intra,3.2877924844903323,0.0
1733,1734,835.7591613192835,intra,3.2877924844903323,0.0
1734,1735,835.7591613192835,intra,3.2877924844903323,0.0
1735,1736,835.7591613192835,intra,3.2877924844903323,0.0
1736,1737,835.7591613192835,intra,3.2877924844903323,0.0
1737,1738,835.7591613192835,intra,3.2877924844903323,0.0
1738,1739,835.7591613192835,intra,3.2877924844903323,0.0
1739,1740,835.7591613192835,intra,3.2877924844903323,0.0
1740,1741,835.7591613192835,intra,3.2877924844903323,0.0
1741,1742,835.7591613192835,intra,3.2877924844903323,0.0
1742,1743,835.7591613192835,intra,3.2877924844903323,0.0
1743,1744,835.7591613192835,intra,3.2877924844903323,0.0
1744,1745,835.7591613192835,intra,3.2877924844903323,0.0
1745,1746,835.7591613192835,intra,3.2877924844903323,0.0
1746,1747,835.7591613192835,intra,3.2877924844903323,0.0
1747,1748,835.7591613192835,intra,3.2877924844903323,0.0
1748,1749,835.7591613192835,intra,3.2877924844903323,0.0
1749,1750,835.7591613192835,intra,3.2877924844903323,0.0
1750,1751,835.7591613192835,intra,3.2877924844903323,0.0
1751,1752,835.7591613192835,intra,3.2877924844903323,0.0
1752,1753,835.7591613192835,intra,3.2877924844903323,0.0
1753,1754,835.7591613192835,intra,3.2877924844903323,0.0
1754,1755,835.7591613192835,intra,3.2877924844903323,0.0
1755,1756,835.7591613192835,intra,3.2877924844903323,0.0
1756,1757,835.7591613192835,intra,3.2877924844903323,0.0
1757,1758,835.7591613192835,intra,3.2877924844903323,0.0
1758,1759,835.7591613192835,intra,3.2877924844903323,0.0
1759,1760,835.7591613192835,intra,3.2877924844903323,0.0
1760,1761,835.7591613192835,intra,3.2877924844903323,0.0
1761,1762,835.7591613192835,intra,3.2877924844903323,0.0
1762,1763,835.7591613192835,intra,3.2877924844903323,0.0
1763,1764,835.7591613192835,intra,3.2877924844903323,0.0
1764,1765,835.7591613192835,intra,3.2877924844903323,0.0
1765,1766,835.7591613192835,intra,3.2877924844903323,0.0
1766,1767,835.7591613192835,intra,3.2877924844903323,0.0
1716,1767,835.7591613192835,intra,3.2877924844903323,0.0
1768,1769,835.7591613192835,intra,3.2877924844903323,0.03333333333333335
1769,1770,835.7591613192835,intra,3.2877924844903323,0.03174603174603176
1770,1771,835.7591613192835,intra,3.2877924844903323,0.03015873015873017
1771,1772,835.7591613192835,intra,3.2877924844903323,0.026984126984126992
1772,1773,835.7591613192835,intra,3.2877924844903323,0.05555555555555559
1773,1774,835.7591613192835,intra,3.2877924844903323,0.047619047619047644
1774,1775,835.7591613192835,intra,3.2877924844903323,0.04444444444444447
1775,1776,835.7591613192835,intra,3.2877924844903323,0.03333333333333335
1776,1777,835.7591613192835,intra,3.2877924844903323,0.01746031746031746
1777,1778,835.7591613192835,intra,3.2877924844903323,0.006349206349206349
1778,1779,835.7591613192835,intra,3.2877924844903323,0.0031746031746031746
1779,1780,835.7591613192835,intra,3.2877924844903323,0.0
1780,1781,835.7591613192835,intra,3.2877924844903323,0.0
1781,1782,835.7591613192835,intra,3.2877924844903323,0.0
1782,1783,835.7591613192835,intra,3.2877924844903323,0.0
1783,1784,835.7591613192835,intra,3.2877924844903323,0.0
1784,1785,835.7591613192835,intra,3.2877924844903323,0.0
1785,1786,835.7591613192835,intra,3.2877924844903323,0.0
1786,1787,835.7591613192835,intra,3.2877924844903323,0.0
1787,1788,835.7591613192835,intra,3.2877924844903323,0.0
1788,1789,835.7591613192835,intra,3.2877924844903323,0.0
1789,1790,835.7591613192835,intra,3.2877924844903323,0.0
1790,1791,835.7591613192835,intra,3.2877924844903323,0.0
1791,1792,835.7591613192835,intra,3.2877924844903323,0.0
1792,1793,835.7591613192835,intra,3.2877924844903323,0.0
1793,1794,835.7591613192835,intra,3.2877924844903323,0.0
1794,1795,835.7591613192835,intra,3.2877924844903323,0.0
1795,1796,835.7591613192835,intra,3.2877924844903323,0.0
1796,1797,835.7591613192835,intra,3.2877924844903323,0.0
1797,1798,835.7591613192835,intra,3.2877924844903323,0.0
1798,1799,835.7591613192835,intra,3.2877924844903323,0.0
1799,1800,835.7591613192835,intra,3.2877924844903323,0.0
1800,1801,835.7591613192835,intra,3.2877924844903323,0.0
1801,1802,835.7591613192835,intra,3.2877924844903323,0.0
1802,1803,835.7591613192835,intra,3.2877924844903323,0.0
1803,1804,835.7591613192835,intra,3.2877924844903323,0.0
1804,1805,835.7591613192835,intra,3.2877924844903323,0.0
1805,1806,835.7591613192835,intra,3.2877924844903323,0.0
1806,1807,835.7591613192835,intra,3.2877924844903323,0.0
1807,1808,835.7591613192835,intra,3.2877924844903323,0.0
1808,1809,835.7591613192835,intra,3.2877924844903323,0.0
1809,1810,835.7591613192835,intra,3.2877924844903323,0.0
1810,1811,835.7591613192835,intra,3.2877924844903323,0.0
1811,1812,835.7591613192835,intra,3.2877924844903323,0.0
1812,1813,835.7591613192835,intra,3.2877924844903323,0.0
1813,1814,835.7591613192835,intra,3.2877924844903323,0.0
1814,1815,835.7591613192835,intra,3.2877924844903323,0.0
1815,1816,835.7591613192835,intra,3.2877924844903323,0.0
1816,1817,835.7591613192835,intra,3.2877924844903323,0.0
1817,1818,835.7591613192835,intra,3.2877924844903323,0.0
1818,1819,835.7591613192835,intra,3.2877924844903323,0.0
1768,1819,835.7591613192835,intra,3.2877924844903323,0.0
1820,1821,835.7591613192835,intra,3.2877924844903323,0.0
1821,1822,835.7591613192835,intra,3.2877924844903323,0.0396825396825397
1822,1823,835.7591613192835,intra,3.2877924844903323,0.03333333333333335
1823,1824,835.7591613192835,intra,3.2877924844903323,0.04126984126984129
1824,1825,835.7591613192835,intra,3.2877924844903323,0.03174603174603176
1825,1826,835.7591613192835,intra,3.2877924844903323,0.03333333333333335
1826,1827,835.7591613192835,intra,3.2877924844903323,0.026984126984126992
1827,1828,835.7591613192835,intra,3.2877924844903323,0.01746031746031746
1828,1829,835.7591613192835,intra,3.2877924844903323,0.007936507936507936
1829,1830,835.7591613192835,intra,3.2877924844903323,0.004761904761904762
1830,1831,835.7591613192835,intra,3.2877924844903323,0.0
1831,1832,835.7591613192835,intra,3.2877924844903323,0.0
1832,1833,835.7591613192835,intra,3.2877924844903323,0.0
1833,1834,835.7591613192835,intra,3.2877924844903323,0.0
1834,1835,835.7591613192835,intra,3.2877924844903323,0.0
1835,1836,835.7591613192835,intra,3.2877924844903323,0.0
1836,1837,835.7591613192835,intra,3.2877924844903323,0.0
1837,1838,835.7591613192835,intra,3.2877924844903323,0.0
1838,1839,835.7591613192835,intra,3.2877924844903323,0.0
1839,1840,835.7591613192835,intra,3.2877924844903323,0.0
1840,1841,835.7591613192835,intra,3.2877924844903323,0.0
1841,1842,835.7591613192835,intra,3.2877924844903323,0.0
1842,1843,835.7591613192835,intra,3.2877924844903323,0.0
1843,1844,835.7591613192835,intra,3.2877924844903323,0.0
1844,1845,835.7591613192835,intra,3.2877924844903323,0.0
1845,1846,835.7591613192835,intra,3.2877924844903323,0.0
1846,1847,835.7591613192835,intra,3.2877924844903323,0.0
1847,1848,835.7591613192835,intra,3.2877924844903323,0.0
1848,1849,835.7591613192835,intra,3.2877924844903323,0.0
1849,1850,835.7591613192835,intra,3.2877924844903323,0.0
1850,1851,835.7591613192835,intra,3.2877924844903323,0.0
1851,1852,835.7591613192835,intra,3.2877924844903323,0.0
1852,1853,835.7591613192835,intra,3.2877924844903323,0.0
1853,1854,835.7591613192835,intra,3.2877924844903323,0.0
1854,1855,835.7591613192835,intra,3.2877924844903323,0.0
1855,1856,835.7591613192835,intra,3.2877924844903323,0.0
1856,1857,835.7591613192835,intra,3.2877924844903323,0.0
1857,1858,835.7591613192835,intra,3.2877924844903323,0.0
1858,1859,835.7591613192835,intra,3.2877924844903323,0.0
1859,1860,835.7591613192835,intra,3.2877924844903323,0.0
1860,1861,835.7591613192835,intra,3.2877924844903323,0.0
1861,1862,835.7591613192835,intra,3.2877924844903323,0.0
1862,1863,835.7591613192835,intra,3.2877924844903323,0.0
1863,1864,835.7591613192835,intra,3.2877924844903323,0.0
1864,1865,835.7591613192835,intra,3.2877924844903323,0.0
1865,1866,835.7591613192835,intra,3.2877924844903323,0.0
1866,1867,835.7591613192835,intra,3.2877924844903323,0.0
1867,1868,835.7591613192835,intra,3.2877924844903323,0.0
1868,1869,835.7591613192835,intra,3.2877924844903323,0.0
1869,1870,835.7591613192835,intra,3.2877924844903323,0.0
1870,1871,835.7591613192835,intra,3.2877924844903323,0.0
1820,1871,835.7591613192835,intra,3.2877924844903323,0.0
1872,1873,835.7591613192835,intra,3.2877924844903323,0.03809523809523811
1873,1874,835.7591613192835,intra,3.2877924844903323,0.05079365079365082
1874,1875,835.7591613192835,intra,3.2877924844903323,0.04444444444444447
1875,1876,835.7591613192835,intra,3.2877924844903323,0.04285714285714288
1876,1877,835.7591613192835,intra,3.2877924844903323,0.036507936507936524
1877,1878,835.7591613192835,intra,3.2877924844903323,0.03809523809523811
1878,1879,835.7591613192835,intra,3.2877924844903323,0.02857142857142858
1879,1880,835.7591613192835,intra,3.2877924844903323,0.012698412698412697
1880,1881,835.7591613192835,intra,3.2877924844903323,0.006349206349206349
1881,1882,835.7591613192835,intra,3.2877924844903323,0.0
1882,1883,835.7591613192835,intra,3.2877924844903323,0.0
1883,1884,835.7591613192835,intra,3.2877924844903323,0.0
1884,1885,835.7591613192835,intra,3.2877924844903323,0.0
1885,1886,835.7591613192835,intra,3.2877924844903323,0.0
1886,1887,835.7591613192835,intra,3.2877924844903323,0.0
1887,1888,835.7591613192835,intra,3.2877924844903323,0.0
1888,1889,835.7591613192835,intra,3.2877924844903323,0.0
1889,1890,835.7591613192835,intra,3.2877924844903323,0.0
1890,1891,835.7591613192835,intra,3.2877924844903323,0.0
1891,1892,835.7591613192835,intra,3.2877924844903323,0.0
1892,1893,835.7591613192835,intra,3.2877924844903323,0.0
1893,1894,835.7591613192835,intra,3.2877924844903323,0.0
1894,1895,835.7591613192835,intra,3.2877924844903323,0.0
1895,1896,835.7591613192835,intra,3.2877924844903323,0.0
1896,1897,835.7591613192835,intra,3.2877924844903323,0.0
1897,1898,835.7591613192835,intra,3.2877924844903323,0.0
1898,1899,835.7591613192835,intra,3.2877924844903323,0.0
1899,1900,835.7591613192835,intra,3.2877924844903323,0.0
1900,1901,835.7591613192835,intra,3.2877924844903323,0.0
1901,1902,835.7591613192835,intra,3.2877924844903323,0.0
1902,1903,835.7591613192835,intra,3.2877924844903323,0.0
1903,1904,835.7591613192835,intra,3.2877924844903323,0.0
1904,1905,835.7591613192835,intra,3.2877924844903323,0.0
1905,1906,835.7591613192835,intra,3.2877924844903323,0.0
1906,1907,835.7591613192835,intra,3.2877924844903323,0.0
1907,1908,835.7591613192835,intra,3.2877924844903323,0.0
1908,1909,835.7591613192835,intra,3.2877924844903323,0.0
1909,1910,835.7591613192835,intra,3.2877924844903323,0.0
1910,1911,835.7591613192835,intra,3.2877924844903323,0.0
1911,1912,835.7591613192835,intra,3.2877924844903323,0.0
1912,1913,835.7591613192835,intra,3.2877924844903323,0.0
1913,1914,835.7591613192835,intra,3.2877924844903323,0.0
1914,1915,835.7591613192835,intra,3.2877924844903323,0.0
1915,1916,835.7591613192835,intra,3.2877924844903323,0.0
1916,1917,835.7591613192835,intra,3.2877924844903323,0.0
1917,1918,835.7591613192835,intra,3.2877924844903323,0.0
1918,1919,835.7591613192835,intra,3.2877924844903323,0.0
1919,1920,835.7591613192835,intra,3.2877924844903323,0.0
1920,1921,835.7591613192835,intra,3.2877924844903323,0.0
1921,1922,835.7591613192835,intra,3.2877924844903323,0.0
1922,1923,835.7591613192835,intra,3.2877924844903323,0.0
1872,1923,835.7591613192835,intra,3.2877924844903323,0.0396825396825397
1924,1925,835.7591613192835,intra,3.2877924844903323,0.01904761904761905
1925,1926,835.7591613192835,intra,3.2877924844903323,0.034920634920634935
1926,1927,835.7591613192835,intra,3.2877924844903323,0.026984126984126992
1927,1928,835.7591613192835,intra,3.2877924844903323,0.036507936507936524
1928,1929,835.7591613192835,intra,3.2877924844903323,0.026984126984126992
1929,1930,835.7591613192835,intra,3.2877924844903323,0.026984126984126992
1930,1931,835.7591613192835,intra,3.2877924844903323,0.01111111111111111
1931,1932,835.7591613192835,intra,3.2877924844903323,0.006349206349206349
1932,1933,835.7591613192835,intra,3.2877924844903323,0.0
1933,1934,835.7591613192835,intra,3.2877924844903323,0.0
1934,1935,835.7591613192835,intra,3.2877924844903323,0.0
1935,1936,835.7591613192835,intra,3.2877924844903323,0.0
1936,1937,835.7591613192835,intra,3.2877924844903323,0.0
1937,1938,835.7591613192835,intra,3.2877924844903323,0.0
1938,1939,835.7591613192835,intra,3.2877924844903323,0.0
1939,1940,835.7591613192835,intra,3.2877924844903323,0.0
1940,1941,835.7591613192835,intra,3.2877924844903323,0.0
1941,1942,835.7591613192835,intra,3.2877924844903323,0.0
1942,1943,835.7591613192835,intra,3.2877924844903323,0.0
1943,1944,835.7591613192835,intra,3.2877924844903323,0.0
1944,1945,835.7591613192835,intra,3.2877924844903323,0.0
1945,1946,835.7591613192835,intra,3.2877924844903323,0.0
1946,1947,835.7591613192835,intra,3.2877924844903323,0.0
1947,1948,835.7591613192835,intra,3.2877924844903323,0.0
1948,1949,835.7591613192835,intra,3.2877924844903323,0.0
1949,1950,835.7591613192835,intra,3.2877924844903323,0.0
1950,1951,835.7591613192835,intra,3.2877924844903323,0.0
1951,1952,835.7591613192835,intra,3.2877924844903323,0.0
1952,1953,835.7591613192835,intra,3.2877924844903323,0.0
1953,1954,835.7591613192835,intra,3.2877924844903323,0.0
1954,1955,835.7591613192835,intra,3.2877924844903323,0.0
1955,1956,835.7591613192835,intra,3.2877924844903323,0.0
1956,1957,835.7591613192835,intra,3.2877924844903323,0.0
1957,1958,835.7591613192835,intra,3.2877924844903323,0.0
1958,1959,835.7591613192835,intra,3.2877924844903323,0.0
1959,1960,835.7591613192835,intra,3.2877924844903323,0.0
1960,1961,835.7591613192835,intra,3.2877924844903323,0.0
1961,1962,835.7591613192835,intra,3.2877924844903323,0.0
1962,1963,835.7591613192835,intra,3.2877924844903323,0.0
1963,1964,835.7591613192835,intra,3.2877924844903323,0.0
1964,1965,835.7591613192835,intra,3.2877924844903323,0.0
1965,1966,835.7591613192835,intra,3.2877924844903323,0.0
1966,1967,835.7591613192835,intra,3.2877924844903323,0.0
1967,1968,835.7591613192835,intra,3.2877924844903323,0.0
1968,1969,835.7591613192835,intra,3.2877924844903323,0.0
1969,1970,835.7591613192835,intra,3.2877924844903323,0.0
1970,1971,835.7591613192835,intra,3.2877924844903323,0.0
1971,1972,835.7591613192835,intra,3.2877924844903323,0.0
1972,1973,835.7591613192835,intra,3.2877924844903323,0.0
1973,1974,835.7591613192835,intra,3.2877924844903323,0.0
1974,1975,835.7591613192835,intra,3.2877924844903323,0.023809523809523815
1924,1975,835.7591613192835,intra,3.2877924844903323,0.022222222222222227
0,103,470.3561874188945,inter,2.06893936077236,0.0
1,52,402.68214060689246,inter,1.8432030388399314,0.0
2,53,348.9922750599863,inter,1.6641129246152895,0.0
3,54,320.1695228621583,inter,1.567970572035399,0.0
4,55,324.67277128768495,inter,1.582991791900532,0.0
5,56,361.02461142662554,inter,1.7042484785478678,0.0
6,57,419.33120680603446,inter,1.8987383458660407,0.0
7,58,489.1505597766202,inter,2.1316306388755795,0.0
8,59,562.9749478693194,inter,2.377882291052564,0.0
9,60,635.8792860884787,inter,2.621064987193503,0.0
10,61,704.5520847497488,inter,2.8501327866952173,0.0
11,62,766.6452555228038,inter,3.0572533099642016,0.0
12,63,820.4187987894977,inter,3.236622543017736,0.0
13,64,864.5579064077327,inter,3.3838547579730403,0.0
14,65,898.0770012405815,inter,3.495662423370842,0.0
15,66,920.2714733845131,inter,3.569695213561754,0.0
16,67,930.6915887401466,inter,3.6044529770663765,0.0
17,68,929.130215795281,inter,3.5992447975301665,0.0
18,69,915.618184690123,inter,3.554173513231354,0.023809523809523815
19,70,890.4248332750367,inter,3.47013753853353,0.012698412698412697
20,71,854.0651509689251,inter,3.3488546932322265,0.02857142857142858
21,72,807.3133656311389,inter,3.192907523481258,0.01904761904761905
22,73,751.2340005486034,inter,3.0058468967508296,0.014285714285714284
23,74,687.2419712727685,inter,2.7923924632979547,0.007936507936507936
24,75,617.2118012814603,inter,2.5587969604007195,0.01111111111111111
25,76,543.69888048136,inter,2.3135842512801306,0.004761904761904762
26,77,470.3561874188945,inter,2.06893936077236,0.004761904761904762
27,78,402.68214060689246,inter,1.8432030388399314,0.0
28,79,348.9922750599863,inter,1.6641129246152895,0.0
29,80,320.1695228621583,inter,1.567970572035399,0.0
30,81,324.67277128768495,inter,1.582991791900532,0.0
31,82,361.02461142662554,inter,1.7042484785478678,0.0
32,83,419.33120680603446,inter,1.8987383458660407,0.0
33,84,489.1505597766202,inter,2.1316306388755795,0.0
34,85,562.9749478693194,inter,2.377882291052564,0.0
35,86,635.8792860884787,inter,2.621064987193503,0.0
36,87,704.5520847497488,inter,2.8501327866952173,0.0
37,88,766.6452555228038,inter,3.0572533099642016,0.0
38,89,820.4187987894977,inter,3.236622543017736,0.0
39,90,864.5579064077327,inter,3.3838547579730403,0.0
40,91,898.0770012405815,inter,3.495662423370842,0.0
41,92,920.2714733845131,inter,3.569695213561754,0.0
42,93,930.6915887401466,inter,3.6044529770663765,0.0
43,94,929.130215795281,inter,3.5992447975301665,0.0
44,95,915.618184690123,inter,3.554173513231354,0.0
45,96,890.4248332750367,inter,3.47013753853353,0.0
46,97,854.0651509689251,inter,3.3488546932322265,0.0
47,98,807.3133656311389,inter,3.192907523481258,0.0
48,99,751.2340005486034,inter,3.0058468967508296,0.0
49,100,687.2419712727685,inter,2.7923924632979547,0.0
50,101,617.2118012814603,inter,2.5587969604007195,0.0
51,102,543.69888048136,inter,2.3135842512801306,0.0
52,155,435.36712238491333,inter,1.9522284025734675,0.0
53,104,373.4429771750517,inter,1.7456716878950027,0.0
54,105,330.7844372570316,inter,1.6033781151927164,0.0
55,106,318.06718816373973,inter,1.5609579383205823,0.0
56,107,339.38757479710983,inter,1.632075093086931,0.0
57,108,388.1441438728125,inter,1.7947095015739605,0.0
58,109,453.34363318431195,inter,2.0121915881696797,0.0
59,110,525.918011917619,inter,2.2542736579371154,0.0
60,111,599.7776400801486,inter,2.5006428583341767,0.0
61,112,670.9088107743627,inter,2.7379109042641847,0.0
62,113,736.5413988417085,inter,2.9568376528061577,0.0
63,114,794.6627454114437,inter,3.150709596608477,0.0
64,115,843.7612279582008,inter,3.31448450567159,0.0
65,116,882.6952003775959,inter,3.4443542584970435,0.0
66,117,910.6239105765504,inter,3.5375144079727,0.0
67,118,926.9719438256537,inter,3.5920455771627644,0.0
68,119,931.4120880876903,inter,3.606856304195919,0.0
69,120,923.8568333996939,inter,3.581654687255988,0.015873015873015872
70,121,904.4554621916451,inter,3.5169386789298254,0.006349206349206349
71,122,873.5988282950487,inter,3.4140120272640373,0.02857142857142858
72,123,831.9288451085522,inter,3.2750159248787782,0.006349206349206349
73,124,780.3603947158572,inter,3.103002089918677,0.007936507936507936
74,125,720.1229526724163,inter,2.9020716113959626,0.004761904761904762
75,126,652.8416816786266,inter,2.677645448567711,0.004761904761904762
76,127,580.6946854696364,inter,2.4369889734505477,0.0015873015873015873
77,128,506.71729531325104,inter,2.190226961324194,0.0015873015873015873
78,129,435.36712238491333,inter,1.9522284025734675,0.0
79,130,373.4429771750517,inter,1.7456716878950027,0.0
80,131,330.7844372570316,inter,1.6033781151927164,0.0
81,132,318.06718816373973,inter,1.5609579383205823,0.0
82,133,339.38757479710983,inter,1.632075093086931,0.0
83,134,388.1441438728125,inter,1.7947095015739605,0.0
84,135,453.34363318431195,inter,2.0121915881696797,0.0
85,136,525.918011917619,inter,2.2542736579371154,0.0
86,137,599.7776400801486,inter,2.5006428583341767,0.0
87,138,670.9088107743627,inter,2.7379109042641847,0.0
88,139,736.5413988417085,inter,2.9568376528061577,0.0
89,140,794.6627454114437,inter,3.150709596608477,0.0
90,141,843.7612279582008,inter,3.31448450567159,0.0
91,142,882.6952003775959,inter,3.4443542584970435,0.0
92,143,910.6239105765504,inter,3.5375144079727,0.0
93,144,926.9719438256537,inter,3.5920455771627644,0.0
94,145,931.4120880876903,inter,3.606856304195919,0.0
95,146,923.8568333996939,inter,3.581654687255988,0.0
96,147,904.4554621916451,inter,3.5169386789298254,0.0
97,148,873.5988282950487,inter,3.4140120272640373,0.0
98,149,831.9288451085522,inter,3.2750159248787782,0.0
99,150,780.3603947158572,inter,3.103002089918677,0.0
100,151,720.1229526724163,inter,2.9020716113959626,0.0
101,152,652.8416816786266,inter,2.677645448567711,0.0
102,153,580.6946854696364,inter,2.4369889734505477,0.0
103,154,506.71729531325104,inter,2.190226961324194,0.0
104,207,402.6821596027095,inter,1.8432031022031563,0.0
105,156,348.9924455629968,inter,1.6641134933521138,0.0
106,157,320.1693405248812,inter,1.5679699638237103,0.0
107,158,324.6727880313228,inter,1.5829918477512959,0.0
108,159,361.0244647912737,inter,1.7042479894249831,0.0
109,160,419.3313246634468,inter,1.898738738996052,0.0
110,161,489.1505764159403,inter,2.1316306943783765,0.0
111,162,562.9749428690315,inter,2.3778822743733983,0.0
112,163,635.879249894107,inter,2.6210648664620746,0.0
113,164,704.5521259217205,inter,2.850132924030132,0.0
114,165,766.6451265296114,inter,3.0572528796892264,0.0
115,166,820.4188583197023,inter,3.236622741589124,0.0
116,167,864.5578475732932,inter,3.3838545617224742,0.0
117,168,898.0769837327557,inter,3.4956623649710217,0.0
118,169,920.2716772923162,inter,3.5696958937249725,0.0
119,170,930.6917802218087,inter,3.60445361578045,0.0
120,171,929.1300159300184,inter,3.5992441308514125,0.015873015873015872
121,172,915.6180427429352,inter,3.5541730397465012,0.006349206349206349
122,173,890.4248634337729,inter,3.4701376391322456,0.007936507936507936
123,174,854.0648001578933,inter,3.348853523052582,0.006349206349206349
124,175,807.3132112774935,inter,3.192907008612917,0.006349206349206349
125,176,751.2342221025555,inter,3.005847635775265,0.004761904761904762
126,177,687.242113571041,inter,2.7923929379539,0.004761904761904762
127,178,617.2119190801819,inter,2.5587973533349593,0.0015873015873015873
128,179,543.6987525405536,inter,2.3135838245155376,0.0015873015873015873
129,180,470.3562567015166,inter,2.0689395918743116,0.0
130,181,402.6821596027095,inter,1.8432031022031563,0.0
131,182,348.9924455629968,inter,1.6641134933521138,0.0
132,183,320.1693405248812,inter,1.5679699638237103,0.0
133,184,324.6727880313228,inter,1.5829918477512959,0.0
134,185,361.0244647912737,inter,1.7042479894249831,0.0
135,186,419.3313246634468,inter,1.898738738996052,0.0
136,187,489.1505764159403,inter,2.1316306943783765,0.0
137,188,562.9749428690315,inter,2.3778822743733983,0.0
138,189,635.879249894107,inter,2.6210648664620746,0.0
139,190,704.5521259217205,inter,2.850132924030132,0.0
140,191,766.6451265296114,inter,3.0572528796892264,0.0
141,192,820.4188583197023,inter,3.236622741589124,0.0
142,193,864.5578475732932,inter,3.3838545617224742,0.0
143,194,898.0769837327557,inter,3.4956623649710217,0.0
144,195,920.2716772923162,inter,3.5696958937249725,0.0
145,196,930.6917802218087,inter,3.60445361578045,0.0
146,197,929.1300159300184,inter,3.5992441308514125,0.0
147,198,915.6180427429352,inter,3.5541730397465012,0.0
148,199,890.4248634337729,inter,3.4701376391322456,0.0
149,200,854.0648001578933,inter,3.348853523052582,0.0
150,201,807.3132112774935,inter,3.192907008612917,0.0
151,202,751.2342221025555,inter,3.005847635775265,0.0
152,203,687.242113571041,inter,2.7923929379539,0.0
153,204,617.2119190801819,inter,2.5587973533349593,0.0
154,205,543.6987525405536,inter,2.3135838245155376,0.0
155,206,470.3562567015166,inter,2.0689395918743116,0.0
156,259,373.4428171363561,inter,1.7456711540633758,0.0
157,208,330.78446099715984,inter,1.6033781943812604,0.0
158,209,318.0670144925933,inter,1.560957359015994,0.0
159,210,339.38765655093255,inter,1.63207536578833,0.0
160,211,388.1441416980123,inter,1.7947094943196078,0.0
161,212,453.34373769239966,inter,2.0121919367711367,0.0
162,213,525.9181040297678,inter,2.2542739651901713,0.0
163,214,599.7775845408299,inter,2.500642673074951,0.0
164,215,670.9086821036564,inter,2.7379104750649077,0.0
165,216,736.5414277070828,inter,2.956837749090682,0.0
166,217,794.6628199678522,inter,3.1507098453018862,0.0
167,218,843.761231898726,inter,3.314484518815767,0.0
168,219,882.6953908476372,inter,3.4443548938367132,0.0
169,220,910.6239438935855,inter,3.5375145191063666,0.0
170,221,926.9717662177222,inter,3.5920449847264746,0.0
171,222,931.4123969579899,inter,3.6068573344763397,0.0
172,223,923.8570419983927,inter,3.5816553830663502,0.0
173,224,904.4553246872053,inter,3.516938220264385,0.0
174,225,873.5987455194886,inter,3.414011751154489,0.0
175,226,831.928805450916,inter,3.2750157925951426,0.0
176,227,780.3603774453436,inter,3.1030020323104446,0.0
177,228,720.1226648330694,inter,2.902070651267249,0.0
178,229,652.8415042786497,inter,2.677644856825083,0.0
179,230,580.6948759142158,inter,2.436989608705286,0.0
180,231,506.71730483058394,inter,2.1902269930705995,0.0
181,232,435.3671587625614,inter,1.95222852391624,0.0
182,233,373.4428171363561,inter,1.7456711540633758,0.0
183,234,330.78446099715984,inter,1.6033781943812604,0.0
184,235,318.0670144925933,inter,1.560957359015994,0.0
185,236,339.38765655093255,inter,1.63207536578833,0.0
186,237,388.1441416980123,inter,1.7947094943196078,0.0
187,238,453.34373769239966,inter,2.0121919367711367,0.0
188,239,525.9181040297678,inter,2.2542739651901713,0.0
189,240,599.7775845408299,inter,2.500642673074951,0.0
190,241,670.9086821036564,inter,2.7379104750649077,0.0
191,242,736.5414277070828,inter,2.956837749090682,0.0
192,243,794.6628199678522,inter,3.1507098453018862,0.0
193,244,843.761231898726,inter,3.314484518815767,0.0
194,245,882.6953908476372,inter,3.4443548938367132,0.0
195,246,910.6239438935855,inter,3.5375145191063666,0.0
196,247,926.9717662177222,inter,3.5920449847264746,0.0
197,248,931.4123969579899,inter,3.6068573344763397,0.0
198,249,923.8570419983927,inter,3.5816553830663502,0.0
199,250,904.4553246872053,inter,3.516938220264385,0.0
200,251,873.5987455194886,inter,3.414011751154489,0.0
201,252,831.928805450916,inter,3.2750157925951426,0.0
202,253,780.3603774453436,inter,3.1030020323104446,0.0
203,254,720.1226648330694,inter,2.902070651267249,0.0
204,255,652.8415042786497,inter,2.677644856825083,0.0
205,256,580.6948759142158,inter,2.436989608705286,0.0
206,257,506.71730483058394,inter,2.1902269930705995,0.0
207,258,435.3671587625614,inter,1.95222852391624,0.0
208,311,348.9923512120755,inter,1.6641131786313168,0.0
209,260,320.16942618966294,inter,1.5679702495706647,0.0
210,261,324.6729331448893,inter,1.5829923317980514,0.0
211,262,361.02466919892726,inter,1.7042486712555234,0.0
212,263,419.33133866258476,inter,1.8987387856921496,0.0
213,264,489.1504896731539,inter,2.131630405035586,0.0
214,265,562.9749627743507,inter,2.3778823407703964,0.0
215,266,635.8793270528749,inter,2.6210651238360207,0.0
216,267,704.5522450369027,inter,2.850133321355612,0.0
217,268,766.6449624235961,inter,3.057252332290481,0.0
218,269,820.4190033766814,inter,3.2366232254471243,0.0
219,270,864.5577427502849,inter,3.3838542120705553,0.0
220,271,898.0768529108367,inter,3.4956619285960713,0.0
221,272,920.2717283753933,inter,3.5696960641197766,0.0
222,273,930.6914813364401,inter,3.604452618806175,0.0
223,274,929.1299867067277,inter,3.5992440333730067,0.0
224,275,915.6181787192181,inter,3.5541734933145586,0.0
225,276,890.4250084706916,inter,3.4701381229233315,0.0
226,277,854.0650094734145,inter,3.348854221254007,0.0
227,278,807.3131309524963,inter,3.1929067406775666,0.0
228,279,751.2343586865886,inter,3.00584809137056,0.0
229,280,687.2420775576059,inter,2.7923928178260105,0.0
230,281,617.2118778425274,inter,2.55879721578095,0.0
231,282,543.6987120623044,inter,2.3135836894946316,0.0
232,283,470.3563489197913,inter,2.0689398994813653,0.0
233,284,402.6822651467533,inter,1.8432034542601914,0.0
234,285,348.9923512120755,inter,1.6641131786313168,0.0
235,286,320.16942618966294,inter,1.5679702495706647,0.0
236,287,324.6729331448893,inter,1.5829923317980514,0.0
237,288,361.02466919892726,inter,1.7042486712555234,0.0
238,289,419.33133866258476,inter,1.8987387856921496,0.0
239,290,489.1504896731539,inter,2.131630405035586,0.0
240,291,562.9749627743507,inter,2.3778823407703964,0.0
241,292,635.8793270528749,inter,2.6210651238360207,0.0
242,293,704.5522450369027,inter,2.850133321355612,0.0
243,294,766.6449624235961,inter,3.057252332290481,0.0
244,295,820.4190033766814,inter,3.2366232254471243,0.0
245,296,864.5577427502849,inter,3.3838542120705553,0.0
246,297,898.0768529108367,inter,3.4956619285960713,0.0
247,298,920.2717283753933,inter,3.5696960641197766,0.0
248,299,930.6914813364401,inter,3.604452618806175,0.0
249,300,929.1299867067277,inter,3.5992440333730067,0.0
250,301,915.6181787192181,inter,3.5541734933145586,0.0
251,302,890.4250084706916,inter,3.4701381229233315,0.0
252,303,854.0650094734145,inter,3.348854221254007,0.0
253,304,807.3131309524963,inter,3.1929067406775666,0.0
254,305,751.2343586865886,inter,3.00584809137056,0.0
255,306,687.2420775576059,inter,2.7923928178260105,0.0
256,307,617.2118778425274,inter,2.55879721578095,0.0
257,308,543.6987120623044,inter,2.3135836894946316,0.0
258,309,470.3563489197913,inter,2.0689398994813653,0.0
259,310,402.6822651467533,inter,1.8432034542601914,0.0
260,363,330.7844857108563,inter,1.6033782768172784,0.0
261,312,318.0670841413019,inter,1.5609575913390787,0.0
262,313,339.3876367121813,inter,1.632075299613379,0.0
263,314,388.1440747477234,inter,1.7947092709974826,0.0
264,315,453.3437265261449,inter,2.0121918995245203,0.0
265,316,525.9181264150632,inter,2.254274039859479,0.0
266,317,599.7776536182841,inter,2.500642903492536,0.0
267,318,670.9087412289425,inter,2.7379106722856337,0.0
268,319,736.5415438850832,inter,2.9568381366187784,0.0
269,320,794.6625473733499,inter,3.150708936024501,0.0
270,321,843.7611925290556,inter,3.3144843874926826,0.0
271,322,882.6951078152483,inter,3.444353949742286,0.0
272,323,910.6238052975605,inter,3.5375140567997896,0.0
273,324,926.9719478073979,inter,3.592045590444433,0.0
274,325,931.4122637215389,inter,3.606856890047377,0.0
275,326,923.8567771026163,inter,3.5816544994691504,0.0
276,327,904.4552328941312,inter,3.516937914075648,0.0
277,328,873.5988182960419,inter,3.4140119939109406,0.0
278,329,831.9288192608955,inter,3.2750158386602757,0.0
279,330,780.3603776500775,inter,3.103002032993363,0.0
280,331,720.1227993867882,inter,2.9020711000901436,0.0
281,332,652.8414748424608,inter,2.677644758636526,0.0
282,333,580.694835053851,inter,2.4369894724097794,0.0
283,334,506.7172330908618,inter,2.1902267537726443,0.0
284,335,435.367229706101,inter,1.9522287605584163,0.0
285,336,373.4430752977445,inter,1.745672015197075,0.0
286,337,330.7844857108563,inter,1.6033782768172784,0.0
287,338,318.0670841413019,inter,1.5609575913390787,0.0
288,339,339.3876367121813,inter,1.632075299613379,0.0
289,340,388.1440747477234,inter,1.7947092709974826,0.0
290,341,453.3437265261449,inter,2.0121918995245203,0.0
291,342,525.9181264150632,inter,2.254274039859479,0.0
292,343,599.7776536182841,inter,2.500642903492536,0.0
293,344,670.9087412289425,inter,2.7379106722856337,0.0
294,345,736.5415438850832,inter,2.9568381366187784,0.0
295,346,794.6625473733499,inter,3.150708936024501,0.0
296,347,843.7611925290556,inter,3.3144843874926826,0.0
297,348,882.6951078152483,inter,3.444353949742286,0.0
298,349,910.6238052975605,inter,3.5375140567997896,0.0
299,350,926.9719478073979,inter,3.592045590444433,0.0
300,351,931.4122637215389,inter,3.606856890047377,0.0
301,352,923.8567771026163,inter,3.5816544994691504,0.0
302,353,904.4552328941312,inter,3.516937914075648,0.0
303,354,873.5988182960419,inter,3.4140119939109406,0.0
304,355,831.9288192608955,inter,3.2750158386602757,0.0
305,356,780.3603776500775,inter,3.103002032993363,0.0
306,357,720.1227993867882,inter,2.9020711000901436,0.0
307,358,652.8414748424608,inter,2.677644758636526,0.0
308,359,580.694835053851,inter,2.4369894724097794,0.0
309,360,506.7172330908618,inter,2.1902267537726443,0.0
310,361,435.367229706101,inter,1.9522287605584163,0.0
311,362,373.4430752977445,inter,1.745672015197075,0.0
312,415,320.16951178720143,inter,1.5679705350933193,0.0
313,364,324.6728608147088,inter,1.582992090530539,0.0
314,365,361.0246368336035,inter,1.704248563296424,0.0
315,366,419.3314110822014,inter,1.8987390272579885,0.0
316,367,489.1505622097618,inter,2.131630646991666,0.0
317,368,562.9748416147431,inter,2.377881936625448,0.0
318,369,635.879362172854,inter,2.6210652409836612,0.0
319,370,704.5520277706495,inter,2.8501325966334004,0.0
320,371,766.64525609314,inter,3.057253311866638,0.0
321,372,820.4189898805396,inter,3.236623180428841,0.0
322,373,864.5580641947578,inter,3.3838552842939027,0.0
323,374,898.0771060110175,inter,3.4956627728473992,0.0
324,375,920.2717556716746,inter,3.56969615517037,0.0
325,376,930.6916541135905,inter,3.604453195128713,0.0
326,377,929.1301756175974,inter,3.5992446635118402,0.0
327,378,915.6182203943019,inter,3.554173632327675,0.0
328,379,890.4248878278498,inter,3.470137720502128,0.0
329,380,854.065063647013,inter,3.3488544019576802,0.0
330,381,807.3130873367045,inter,3.1929065951909457,0.0
331,382,751.2342497048987,inter,3.005847727846772,0.0
332,383,687.2421416809887,inter,2.792393031718592,0.0
333,384,617.2118218524707,inter,2.558797029018224,0.0
334,385,543.698784605362,inter,2.3135839314722255,0.0
335,386,470.35602658435914,inter,2.0689388242860973,0.0
336,387,402.6819997278028,inter,1.8432025689178706,0.0
337,388,348.99247869471486,inter,1.6641136038676294,0.0
338,389,320.16951178720143,inter,1.5679705350933193,0.0
339,390,324.6728608147088,inter,1.582992090530539,0.0
340,391,361.0246368336035,inter,1.704248563296424,0.0
341,392,419.3314110822014,inter,1.8987390272579885,0.0
342,393,489.1505622097618,inter,2.131630646991666,0.0
343,394,562.9748416147431,inter,2.377881936625448,0.0
344,395,635.879362172854,inter,2.6210652409836612,0.0
345,396,704.5520277706495,inter,2.8501325966334004,0.0
346,397,766.64525609314,inter,3.057253311866638,0.0
347,398,820.4189898805396,inter,3.236623180428841,0.0
348,399,864.5580641947578,inter,3.3838552842939027,0.0
349,400,898.0771060110175,inter,3.4956627728473992,0.0
350,401,920.2717556716746,inter,3.56969615517037,0.0
351,402,930.6916541135905,inter,3.604453195128713,0.0
352,403,929.1301756175974,inter,3.5992446635118402,0.0
353,404,915.6182203943019,inter,3.554173632327675,0.0
354,405,890.4248878278498,inter,3.470137720502128,0.0
355,406,854.065063647013,inter,3.3488544019576802,0.0
356,407,807.3130873367045,inter,3.1929065951909457,0.0
357,408,751.2342497048987,inter,3.005847727846772,0.0
358,409,687.2421416809887,inter,2.792393031718592,0.0
359,410,617.2118218524707,inter,2.558797029018224,0.0
360,411,543.698784605362,inter,2.3135839314722255,0.0
361,412,470.35602658435914,inter,2.0689388242860973,0.0
362,413,402.6819997278028,inter,1.8432025689178706,0.0
363,414,348.99247869471486,inter,1.6641136038676294,0.0
364,467,318.06707140669204,inter,1.5609575488609926,0.0
365,416,339.387644504123,inter,1.6320753256044986,0.0
366,417,388.1439981969542,inter,1.794709015651602,0.0
367,418,453.34380089800607,inter,2.012192147602346,0.0
368,419,525.9180338681831,inter,2.254273731156316,0.0
369,420,599.7774378328496,inter,2.500642183709804,0.0
370,421,670.9088688845135,inter,2.7379110980987837,0.0
371,422,736.5413875831272,inter,2.9568376152515725,0.0
372,423,794.6626479518827,inter,3.150709271518374,0.0
373,424,843.7613026097516,inter,3.31448475468236,0.0
374,425,882.695089340767,inter,3.4443538881180493,0.0
375,426,910.6237648685212,inter,3.5375139219430305,0.0
376,427,926.9719041790868,inter,3.5920454449160517,0.0
377,428,931.4122527534803,inter,3.606856853461872,0.0
378,429,923.8568065781377,inter,3.581654597788907,0.0
379,430,904.4554342461303,inter,3.5169385857136217,0.0
380,431,873.5987936704481,inter,3.4140119117688017,0.0
381,432,831.928860865131,inter,3.2750159774370675,0.0
382,433,780.3604827651666,inter,3.1030023836195593,0.0
383,434,720.1228447330597,inter,2.902071251349024,0.0
384,435,652.8414826820543,inter,2.677644784786595,0.0
385,436,580.694653886262,inter,2.4369888680997507,0.0
386,437,506.7175317175147,inter,2.1902277498839373,0.0
387,438,435.36708660733433,inter,1.95222828323231,0.0
388,439,373.44294854268026,inter,1.745671592387692,0.0
389,440,330.7844849530065,inter,1.6033782742893634,0.0
390,441,318.06707140669204,inter,1.5609575488609926,0.0
391,442,339.387644504123,inter,1.6320753256044986,0.0
392,443,388.1439981969542,inter,1.794709015651602,0.0
393,444,453.34380089800607,inter,2.012192147602346,0.0
394,445,525.9180338681831,inter,2.254273731156316,0.0
395,446,599.7774378328496,inter,2.500642183709804,0.0
396,447,670.9088688845135,inter,2.7379110980987837,0.0
397,448,736.5413875831272,inter,2.9568376152515725,0.0
398,449,794.6626479518827,inter,3.150709271518374,0.0
399,450,843.7613026097516,inter,3.31448475468236,0.0
400,451,882.695089340767,inter,3.4443538881180493,0.0
401,452,910.6237648685212,inter,3.5375139219430305,0.0
402,453,926.9719041790868,inter,3.5920454449160517,0.0
403,454,931.4122527534803,inter,3.606856853461872,0.0
404,455,923.8568065781377,inter,3.581654597788907,0.0
405,456,904.4554342461303,inter,3.5169385857136217,0.0
406,457,873.5987936704481,inter,3.4140119117688017,0.0
407,458,831.928860865131,inter,3.2750159774370675,0.0
408,459,780.3604827651666,inter,3.1030023836195593,0.0
409,460,720.1228447330597,inter,2.902071251349024,0.0
410,461,652.8414826820543,inter,2.677644784786595,0.0
411,462,580.694653886262,inter,2.4369888680997507,0.0
412,463,506.7175317175147,inter,2.1902277498839373,0.0
413,464,435.36708660733433,inter,1.95222828323231,0.0
414,465,373.44294854268026,inter,1.745671592387692,0.0
415,466,330.7844849530065,inter,1.6033782742893634,0.0
416,519,324.6729396307306,inter,1.5829923534324888,0.0
417,468,361.024525806722,inter,1.7042481929506113,0.0
418,469,419.3311618073478,inter,1.8987381957665788,0.0
419,470,489.15062033830736,inter,2.131630840887623,0.0
420,471,562.9749538058262,inter,2.377882310854619,0.0
421,472,635.8793580743439,inter,2.621065227312503,0.0
422,473,704.5521071789555,inter,2.8501328615109975,0.0
423,474,766.6452105511746,inter,3.0572531599549935,0.0
424,475,820.4187173535386,inter,3.2366222713766155,0.0
425,476,864.5579256838738,inter,3.3838548222713256,0.0
426,477,898.0770656950507,inter,3.4956626383678095,0.0
427,478,920.2715688474315,inter,3.569695531991774,0.0
428,479,930.6916330122632,inter,3.6044531247422618,0.0
429,480,929.1301555400219,inter,3.599244596540257,0.0
430,481,915.6179662874275,inter,3.5541727847183786,0.0
431,482,890.4249300372483,inter,3.470137861297526,0.0
432,483,854.065067621623,inter,3.3488544152155524,0.0
433,484,807.3130769718543,inter,3.192906560617527,0.0
434,485,751.2341466957979,inter,3.0058473842453965,0.0
435,486,687.2420983991241,inter,2.792392887345832,0.0
436,487,617.2119988215568,inter,2.558797619323555,0.0
437,488,543.6984250058593,inter,2.313582731977398,0.0
438,489,470.35658728122837,inter,2.0689406945695357,0.0
439,490,402.682086845755,inter,1.8432028595120797,0.0
440,491,348.9922209609839,inter,1.6641127441604415,0.0
441,492,320.16944397457564,inter,1.5679703088947476,0.0
442,493,324.6729396307306,inter,1.5829923534324888,0.0
443,494,361.024525806722,inter,1.7042481929506113,0.0
444,495,419.3311618073478,inter,1.8987381957665788,0.0
445,496,489.15062033830736,inter,2.131630840887623,0.0
446,497,562.9749538058262,inter,2.377882310854619,0.0
447,498,635.8793580743439,inter,2.621065227312503,0.0
448,499,704.5521071789555,inter,2.8501328615109975,0.0
449,500,766.6452105511746,inter,3.0572531599549935,0.0
450,501,820.4187173535386,inter,3.2366222713766155,0.0
451,502,864.5579256838738,inter,3.3838548222713256,0.0
452,503,898.0770656950507,inter,3.4956626383678095,0.0
453,504,920.2715688474315,inter,3.569695531991774,0.0
454,505,930.6916330122632,inter,3.6044531247422618,0.0
455,506,929.1301555400219,inter,3.599244596540257,0.0
456,507,915.6179662874275,inter,3.5541727847183786,0.0
457,508,890.4249300372483,inter,3.470137861297526,0.0
458,509,854.065067621623,inter,3.3488544152155524,0.0
459,510,807.3130769718543,inter,3.192906560617527,0.0
460,511,751.2341466957979,inter,3.0058473842453965,0.0
461,512,687.2420983991241,inter,2.792392887345832,0.0
462,513,617.2119988215568,inter,2.558797619323555,0.0
463,514,543.6984250058593,inter,2.313582731977398,0.0
464,515,470.35658728122837,inter,2.0689406945695357,0.0
465,516,402.682086845755,inter,1.8432028595120797,0.0
466,517,348.9922209609839,inter,1.6641127441604415,0.0
467,518,320.16944397457564,inter,1.5679703088947476,0.0
468,571,339.3878215204717,inter,1.6320759160674805,0.0
469,520,388.1441266978472,inter,1.794709444284443,0.0
470,521,453.3438286471631,inter,2.0121922401635706,0.0
471,522,525.9181903064996,inter,2.254274252978371,0.0
472,523,599.7774202885867,inter,2.5006421251884414,0.0
473,524,670.9087938411005,inter,2.737910847780902,0.0
474,525,736.5414220640434,inter,2.9568377302675293,0.0
475,526,794.6627483701947,inter,3.150709606477808,0.0
476,527,843.7611732482177,inter,3.3144843231787298,0.0
477,528,882.6951301723327,inter,3.444354024317492,0.0
478,529,910.6237406446694,inter,3.5375138411409583,0.0
479,530,926.9719524643599,inter,3.5920456059783863,0.0
480,531,931.412208381162,inter,3.60685670545175,0.0
481,532,923.8568794896784,inter,3.5816548409956277,0.0
482,533,904.4553474943402,inter,3.5169382963407982,0.0
483,534,873.5987364778857,inter,3.4140117209949485,0.0
484,535,831.9287599938145,inter,3.275015640966574,0.0
485,536,780.3606128715454,inter,3.1030028176077247,0.0
486,537,720.122962434913,inter,2.902071643960146,0.0
487,538,652.8414861786746,inter,2.677644796450065,0.0
488,539,580.6950430831022,inter,2.436990166320669,0.0
489,540,506.7170694508517,inter,2.1902262079283252,0.0
490,541,435.367224611496,inter,1.952228743564643,0.0
491,542,373.4430461229621,inter,1.745671917880476,0.0
492,543,330.784474332964,inter,1.603378238864715,0.0
493,544,318.0669976920216,inter,1.560957302975319,0.0
494,545,339.3878215204717,inter,1.6320759160674805,0.0
495,546,388.1441266978472,inter,1.794709444284443,0.0
496,547,453.3438286471631,inter,2.0121922401635706,0.0
497,548,525.9181903064996,inter,2.254274252978371,0.0
498,549,599.7774202885867,inter,2.5006421251884414,0.0
499,550,670.9087938411005,inter,2.737910847780902,0.0
500,551,736.5414220640434,inter,2.9568377302675293,0.0
501,552,794.6627483701947,inter,3.150709606477808,0.0
502,553,843.7611732482177,inter,3.3144843231787298,0.0
503,554,882.6951301723327,inter,3.444354024317492,0.0
504,555,910.6237406446694,inter,3.5375138411409583,0.0
505,556,926.9719524643599,inter,3.5920456059783863,0.0
506,557,931.412208381162,inter,3.60685670545175,0.0
507,558,923.8568794896784,inter,3.5816548409956277,0.0
508,559,904.4553474943402,inter,3.5169382963407982,0.0
509,560,873.5987364778857,inter,3.4140117209949485,0.0
510,561,831.9287599938145,inter,3.275015640966574,0.0
511,562,780.3606128715454,inter,3.1030028176077247,0.0
512,563,720.122962434913,inter,2.902071643960146,0.0
513,564,652.8414861786746,inter,2.677644796450065,0.0
514,565,580.6950430831022,inter,2.436990166320669,0.0
515,566,506.7170694508517,inter,2.1902262079283252,0.0
516,567,435.367224611496,inter,1.952228743564643,0.0
517,568,373.4430461229621,inter,1.745671917880476,0.0
518,569,330.784474332964,inter,1.603378238864715,0.0
519,570,318.0669976920216,inter,1.560957302975319,0.0
520,623,361.02456189333196,inter,1.7042483133225854,0.0
521,572,419.3313344168316,inter,1.8987387715298416,0.0
522,573,489.1503933749724,inter,2.131630083819428,0.0
523,574,562.9750187513492,inter,2.377882527489565,0.0
524,575,635.879217958056,inter,2.6210647599348746,0.0
525,576,704.552116568587,inter,2.850132892831437,0.0
526,577,766.6452177548737,inter,3.0572531839839474,0.0
527,578,820.418831587042,inter,3.2366226524185677,0.0
528,579,864.5579691631506,inter,3.3838549673025815,0.0
529,580,898.0770742899755,inter,3.4956626670373927,0.0
530,581,920.2714187952096,inter,3.5696950314714377,0.0
531,582,930.6915499023918,inter,3.604452847517571,0.0
532,583,929.1303138786496,inter,3.599245124701068,0.0
533,584,915.6180872338583,inter,3.5541731881522463,0.0
534,585,890.4249873620453,inter,3.4701380525124663,0.0
535,586,854.0652271656187,inter,3.348854947397038,0.0
536,587,807.3128929862295,inter,3.1929059469075423,0.0
537,588,751.2340286196633,inter,3.0058469903858067,0.0
538,589,687.2419968982745,inter,2.7923925487754415,0.0
539,590,617.2119195122456,inter,2.5587973547761687,0.0
540,591,543.6987973527429,inter,2.313583973992911,0.0
541,592,470.3561484047045,inter,2.06893923063503,0.0
542,593,402.6821236524929,inter,1.843202982286142,0.0
543,594,348.9923193838009,inter,1.6641130724636206,0.0
544,595,320.16944308929675,inter,1.567970305941775,0.0
545,596,324.6728904022007,inter,1.5829921892237888,0.0
546,597,361.02456189333196,inter,1.7042483133225854,0.0
547,598,419.3313344168316,inter,1.8987387715298416,0.0
548,599,489.1503933749724,inter,2.131630083819428,0.0
549,600,562.9750187513492,inter,2.377882527489565,0.0
550,601,635.879217958056,inter,2.6210647599348746,0.0
551,602,704.552116568587,inter,2.850132892831437,0.0
552,603,766.6452177548737,inter,3.0572531839839474,0.0
553,604,820.418831587042,inter,3.2366226524185677,0.0
554,605,864.5579691631506,inter,3.3838549673025815,0.0
555,606,898.0770742899755,inter,3.4956626670373927,0.0
556,607,920.2714187952096,inter,3.5696950314714377,0.0
557,608,930.6915499023918,inter,3.604452847517571,0.0
558,609,929.1303138786496,inter,3.599245124701068,0.0
559,610,915.6180872338583,inter,3.5541731881522463,0.0
560,611,890.4249873620453,inter,3.4701380525124663,0.0
561,612,854.0652271656187,inter,3.348854947397038,0.0
562,613,807.3128929862295,inter,3.1929059469075423,0.0
563,614,751.2340286196633,inter,3.0058469903858067,0.0
564,615,687.2419968982745,inter,2.7923925487754415,0.0
565,616,617.2119195122456,inter,2.5587973547761687,0.0
566,617,543.6987973527429,inter,2.313583973992911,0.0
567,618,470.3561484047045,inter,2.06893923063503,0.0
568,619,402.6821236524929,inter,1.843202982286142,0.0
569,620,348.9923193838009,inter,1.6641130724636206,0.0
570,621,320.16944308929675,inter,1.567970305941775,0.0
571,622,324.6728904022007,inter,1.5829921892237888,0.0
572,675,388.1440701750101,inter,1.7947092557445528,0.0
573,624,453.343852360007,inter,2.0121923192611035,0.0
574,625,525.9180018518555,inter,2.2542736243613426,0.0
575,626,599.7775837338968,inter,2.5006426703833116,0.0
576,627,670.9088049483715,inter,2.7379108848307703,0.0
577,628,736.5413427346137,inter,2.9568374656530345,0.0
578,629,794.6626853900782,inter,3.150709396398752,0.0
579,630,843.7610415627929,inter,3.314483883923434,0.0
580,631,882.6951913085064,inter,3.444354228245817,0.0
581,632,910.6238870612809,inter,3.537514329534204,0.0
582,633,926.9721323554467,inter,3.5920462060304623,0.0
583,634,931.4122041740916,inter,3.6068566914184736,0.0
584,635,923.8568442640612,inter,3.5816547234956166,0.0
585,636,904.455316066042,inter,3.5169381915072795,0.0
586,637,873.598697676724,inter,3.4140115915682046,0.0
587,638,831.9289577378695,inter,3.2750163005697415,0.0
588,639,780.3604918517661,inter,3.103002413929193,0.0
589,640,720.122696996695,inter,2.902070758553556,0.0
590,641,652.8415400016711,inter,2.6776449759842564,0.0
591,642,580.6947029456143,inter,2.436989031744135,0.0
592,643,506.7173530659557,inter,2.1902271539664806,0.0
593,644,435.3672366490201,inter,1.9522287837175014,0.0
594,645,373.443026961361,inter,1.7456718539642548,0.0
595,646,330.7845145061103,inter,1.603378372867907,0.0
596,647,318.06711356267107,inter,1.5609576894782027,0.0
597,648,339.3877550973578,inter,1.6320756945038217,0.0
598,649,388.1440701750101,inter,1.7947092557445528,0.0
599,650,453.343852360007,inter,2.0121923192611035,0.0
600,651,525.9180018518555,inter,2.2542736243613426,0.0
601,652,599.7775837338968,inter,2.5006426703833116,0.0
602,653,670.9088049483715,inter,2.7379108848307703,0.0
603,654,736.5413427346137,inter,2.9568374656530345,0.0
604,655,794.6626853900782,inter,3.150709396398752,0.0
605,656,843.7610415627929,inter,3.314483883923434,0.0
606,657,882.6951913085064,inter,3.444354228245817,0.0
607,658,910.6238870612809,inter,3.537514329534204,0.0
608,659,926.9721323554467,inter,3.5920462060304623,0.0
609,660,931.4122041740916,inter,3.6068566914184736,0.0
610,661,923.8568442640612,inter,3.5816547234956166,0.0
611,662,904.455316066042,inter,3.5169381915072795,0.0
612,663,873.598697676724,inter,3.4140115915682046,0.0
613,664,831.9289577378695,inter,3.2750163005697415,0.0
614,665,780.3604918517661,inter,3.103002413929193,0.0
615,666,720.122696996695,inter,2.902070758553556,0.0
616,667,652.8415400016711,inter,2.6776449759842564,0.0
617,668,580.6947029456143,inter,2.436989031744135,0.0
618,669,506.7173530659557,inter,2.1902271539664806,0.0
619,670,435.3672366490201,inter,1.9522287837175014,0.0
620,671,373.443026961361,inter,1.7456718539642548,0.0
621,672,330.7845145061103,inter,1.603378372867907,0.0
622,673,318.06711356267107,inter,1.5609576894782027,0.0
623,674,339.3877550973578,inter,1.6320756945038217,0.0
624,727,419.3312588515427,inter,1.8987385194711695,0.0
625,676,489.1505668092596,inter,2.131630662333939,0.0
626,677,562.9750294621628,inter,2.3778825632169935,0.0
627,678,635.8791979096594,inter,2.6210646930606223,0.0
628,679,704.5522256848081,inter,2.8501332568039723,0.0
629,680,766.64522249983,inter,3.0572531998114174,0.0
630,681,820.41893536955,inter,3.236622998599752,0.0
631,682,864.558001195048,inter,3.3838550741494906,0.0
632,683,898.0773427853173,inter,3.4956635626414503,0.0
633,684,920.2716256957157,inter,3.5696957216172387,0.0
634,685,930.6914832257255,inter,3.6044526251081526,0.0
635,686,929.1301977484322,inter,3.599244737332359,0.0
636,687,915.6181285022634,inter,3.554173325808828,0.0
637,688,890.4250596139362,inter,3.4701382935188327,0.0
638,689,854.0649936334462,inter,3.34885416841756,0.0
639,690,807.3131087325689,inter,3.192906666559867,0.0
640,691,751.2344061566678,inter,3.0058482497136993,0.0
641,692,687.2420798886282,inter,2.7923928256014636,0.0
642,693,617.211954539925,inter,2.5587974716159305,0.0
643,694,543.6986430286763,inter,2.313583459223235,0.0
644,695,470.356226635809,inter,2.0689394915859056,0.0
645,696,402.68206429239797,inter,1.843202784282178,0.0
646,697,348.9921223994109,inter,1.6641124153944222,0.0
647,698,320.1692806549943,inter,1.5679697641192638,0.0
648,699,324.672780255949,inter,1.5829918218154408,0.0
649,700,361.02469816424247,inter,1.7042487678734148,0.0
650,701,419.3312588515427,inter,1.8987385194711695,0.0
651,702,489.1505668092596,inter,2.131630662333939,0.0
652,703,562.9750294621628,inter,2.3778825632169935,0.0
653,704,635.8791979096594,inter,2.6210646930606223,0.0
654,705,704.5522256848081,inter,2.8501332568039723,0.0
655,706,766.64522249983,inter,3.0572531998114174,0.0
656,707,820.41893536955,inter,3.236622998599752,0.0
657,708,864.558001195048,inter,3.3838550741494906,0.0
658,709,898.0773427853173,inter,3.4956635626414503,0.0
659,710,920.2716256957157,inter,3.5696957216172387,0.0
660,711,930.6914832257255,inter,3.6044526251081526,0.0
661,712,929.1301977484322,inter,3.599244737332359,0.0
662,713,915.6181285022634,inter,3.554173325808828,0.0
663,714,890.4250596139362,inter,3.4701382935188327,0.0
664,715,854.0649936334462,inter,3.34885416841756,0.0
665,716,807.3131087325689,inter,3.192906666559867,0.0
666,717,751.2344061566678,inter,3.0058482497136993,0.0
667,718,687.2420798886282,inter,2.7923928256014636,0.0
668,719,617.211954539925,inter,2.5587974716159305,0.0
669,720,543.6986430286763,inter,2.313583459223235,0.0
670,721,470.356226635809,inter,2.0689394915859056,0.0
671,722,402.68206429239797,inter,1.843202784282178,0.0
672,723,348.9921223994109,inter,1.6641124153944222,0.0
673,724,320.1692806549943,inter,1.5679697641192638,0.0
674,725,324.672780255949,inter,1.5829918218154408,0.0
675,726,361.02469816424247,inter,1.7042487678734148,0.0
676,779,453.34376988377807,inter,2.0121920441500167,0.0
677,728,525.9180013454037,inter,2.254273622672001,0.0
678,729,599.7776331049918,inter,2.5006428350675582,0.0
679,730,670.9088494873886,inter,2.73791103339694,0.0
680,731,736.5414856184209,inter,2.956837942262113,0.0
681,732,794.6628103749634,inter,3.150709813303454,0.0
682,733,843.7610229101953,inter,3.3144838217050654,0.0
683,734,882.6950603755041,inter,3.4443537915003324,0.0
684,735,910.6234403031863,inter,3.5375128393096076,0.0
685,736,926.9718851923337,inter,3.592045381583061,0.0
686,737,931.4121825703193,inter,3.6068566193560456,0.0
687,738,923.8568100911775,inter,3.5816546095071464,0.0
688,739,904.4553187271817,inter,3.5169382003838865,0.0
689,740,873.5986720220587,inter,3.4140115059934524,0.0
690,741,831.9288602025431,inter,3.2750159752269123,0.0
691,742,780.3604715023583,inter,3.1030023460508747,0.0
692,743,720.1227950918953,inter,2.9020710857639234,0.0
693,744,652.8415100596466,inter,2.6776448761084133,0.0
694,745,580.6949026705553,inter,2.436989697954828,0.0
695,746,506.7172829459498,inter,2.190226920071318,0.0
696,747,435.3671926246446,inter,1.9522286368679915,0.0
697,748,373.44313889612977,inter,1.7456722273384535,0.0
698,749,330.7844624124432,inter,1.6033781991021374,0.0
699,750,318.0672981559518,inter,1.560958305215109,0.0
700,751,339.38768704386314,inter,1.632075467501798,0.0
701,752,388.1441253282459,inter,1.7947094397159447,0.0
702,753,453.34376988377807,inter,2.0121920441500167,0.0
703,754,525.9180013454037,inter,2.254273622672001,0.0
704,755,599.7776331049918,inter,2.5006428350675582,0.0
705,756,670.9088494873886,inter,2.73791103339694,0.0
706,757,736.5414856184209,inter,2.956837942262113,0.0
707,758,794.6628103749634,inter,3.150709813303454,0.0
708,759,843.7610229101953,inter,3.3144838217050654,0.0
709,760,882.6950603755041,inter,3.4443537915003324,0.0
710,761,910.6234403031863,inter,3.5375128393096076,0.0
711,762,926.9718851923337,inter,3.592045381583061,0.0
712,763,931.4121825703193,inter,3.6068566193560456,0.0
713,764,923.8568100911775,inter,3.5816546095071464,0.0
714,765,904.4553187271817,inter,3.5169382003838865,0.0
715,766,873.5986720220587,inter,3.4140115059934524,0.0
716,767,831.9288602025431,inter,3.2750159752269123,0.0
717,768,780.3604715023583,inter,3.1030023460508747,0.0
718,769,720.1227950918953,inter,2.9020710857639234,0.0
719,770,652.8415100596466,inter,2.6776448761084133,0.0
720,771,580.6949026705553,inter,2.436989697954828,0.0
721,772,506.7172829459498,inter,2.190226920071318,0.0
722,773,435.3671926246446,inter,1.9522286368679915,0.0
723,774,373.44313889612977,inter,1.7456722273384535,0.0
724,775,330.7844624124432,inter,1.6033781991021374,0.0
725,776,318.0672981559518,inter,1.560958305215109,0.0
726,777,339.38768704386314,inter,1.632075467501798,0.0
727,778,388.1441253282459,inter,1.7947094397159447,0.0
728,831,489.1506190692635,inter,2.1316308366545482,0.0
729,780,562.9749928724398,inter,2.3778824411668147,0.0
730,781,635.8791696451203,inter,2.621064598780268,0.0
731,782,704.5521570837667,inter,2.8501330279755295,0.0
732,783,766.6452982704383,inter,3.0572534525549617,0.0
733,784,820.4190358324488,inter,3.236623333707911,0.0
734,785,864.5578214533688,inter,3.3838544745957844,0.0
735,786,898.0773534388666,inter,3.4956635981778654,0.0
736,787,920.2715537943417,inter,3.5696954817800712,0.0
737,788,930.6915700184805,inter,3.6044529146176205,0.0
738,789,929.1303861815823,inter,3.599245365877691,0.0
739,790,915.6181754820198,inter,3.5541734825164273,0.0
740,791,890.4249243034825,inter,3.470137842171742,0.0
741,792,854.0651293905456,inter,3.3488546212545,0.0
742,793,807.3130518145124,inter,3.192906476701667,0.0
743,794,751.2342853905401,inter,3.0058478468812586,0.0
744,795,687.2420636751839,inter,2.792392771519235,0.0
745,796,617.2119013654547,inter,2.55879729424499,0.0
746,797,543.6987402638146,inter,2.313583783564744,0.0
747,798,470.35634894751433,inter,2.068939899573839,0.0
748,799,402.68206767798677,inter,1.843202795575287,0.0
749,800,348.99228923464506,inter,1.6641129718968617,0.0
750,801,320.1690830905666,inter,1.567969105115268,0.0
751,802,324.67281259147836,inter,1.5829919296751567,0.0
752,803,361.02461995665305,inter,1.704248507000977,0.0
753,804,419.33131007501686,inter,1.8987386903342873,0.0
754,805,489.1506190692635,inter,2.1316308366545482,0.0
755,806,562.9749928724398,inter,2.3778824411668147,0.0
756,807,635.8791696451203,inter,2.621064598780268,0.0
757,808,704.5521570837667,inter,2.8501330279755295,0.0
758,809,766.6452982704383,inter,3.0572534525549617,0.0
759,810,820.4190358324488,inter,3.236623333707911,0.0
760,811,864.5578214533688,inter,3.3838544745957844,0.0
761,812,898.0773534388666,inter,3.4956635981778654,0.0
762,813,920.2715537943417,inter,3.5696954817800712,0.0
763,814,930.6915700184805,inter,3.6044529146176205,0.0
764,815,929.1303861815823,inter,3.599245365877691,0.0
765,816,915.6181754820198,inter,3.5541734825164273,0.0
766,817,890.4249243034825,inter,3.470137842171742,0.0
767,818,854.0651293905456,inter,3.3488546212545,0.0
768,819,807.3130518145124,inter,3.192906476701667,0.0
769,820,751.2342853905401,inter,3.0058478468812586,0.0
770,821,687.2420636751839,inter,2.792392771519235,0.0
771,822,617.2119013654547,inter,2.55879729424499,0.0
772,823,543.6987402638146,inter,2.313583783564744,0.0
773,824,470.35634894751433,inter,2.068939899573839,0.0
774,825,402.68206767798677,inter,1.843202795575287,0.0
775,826,348.99228923464506,inter,1.6641129718968617,0.0
776,827,320.1690830905666,inter,1.567969105115268,0.0
777,828,324.67281259147836,inter,1.5829919296751567,0.0
778,829,361.02461995665305,inter,1.704248507000977,0.0
779,830,419.33131007501686,inter,1.8987386903342873,0.0
780,883,525.9178715283607,inter,2.2542731896489565,0.0
781,832,599.7774706274395,inter,2.5006422931007806,0.0
782,833,670.9086722026907,inter,2.7379104420388414,0.0
783,834,736.5412423325042,inter,2.956837130747646,0.0
784,835,794.6623832268543,inter,3.1507083884907283,0.0
785,836,843.7611876200898,inter,3.3144843711181347,0.0
786,837,882.6951906739342,inter,3.4443542261291116,0.0
787,838,910.6237779806224,inter,3.5375139656802923,0.0
788,839,926.9720448664358,inter,3.592045914198535,0.0
789,840,931.4120597563563,inter,3.6068562096927614,0.0
790,841,923.8568265766851,inter,3.5816546644968805,0.0
791,842,904.4554640151765,inter,3.5169386850124713,0.0
792,843,873.5986796406617,inter,3.414011531406376,0.0
793,844,831.928850306027,inter,3.275015942215688,0.0
794,845,780.3603139007436,inter,3.103001820348475,0.0
795,846,720.1227802009369,inter,2.9020710360930324,0.0
796,847,652.841533885201,inter,2.677644955581908,0.0
797,848,580.6946883710335,inter,2.4369889831285665,0.0
798,849,506.7172003135207,inter,2.1902266444392033,0.0
799,850,435.3672502696993,inter,1.9522288291511967,0.0
800,851,373.4431316189794,inter,1.7456722030644927,0.0
801,852,330.784617964123,inter,1.603378717966691,0.0
802,853,318.0670475177561,inter,1.5609574691760797,0.0
803,854,339.3876915407875,inter,1.6320754825019232,0.0
804,855,388.14408891742613,inter,1.7947093182625233,0.0
805,856,453.34351235269565,inter,2.012191185118792,0.0
806,857,525.9178715283607,inter,2.2542731896489565,0.0
807,858,599.7774706274395,inter,2.5006422931007806,0.0
808,859,670.9086722026907,inter,2.7379104420388414,0.0
809,860,736.5412423325042,inter,2.956837130747646,0.0
810,861,794.6623832268543,inter,3.1507083884907283,0.0
811,862,843.7611876200898,inter,3.3144843711181347,0.0
812,863,882.6951906739342,inter,3.4443542261291116,0.0
813,864,910.6237779806224,inter,3.5375139656802923,0.0
814,865,926.9720448664358,inter,3.592045914198535,0.0
815,866,931.4120597563563,inter,3.6068562096927614,0.0
816,867,923.8568265766851,inter,3.5816546644968805,0.0
817,868,904.4554640151765,inter,3.5169386850124713,0.0
818,869,873.5986796406617,inter,3.414011531406376,0.0
819,870,831.928850306027,inter,3.275015942215688,0.0
820,871,780.3603139007436,inter,3.103001820348475,0.0
821,872,720.1227802009369,inter,2.9020710360930324,0.0
822,873,652.841533885201,inter,2.677644955581908,0.0
823,874,580.6946883710335,inter,2.4369889831285665,0.0
824,875,506.7172003135207,inter,2.1902266444392033,0.0
825,876,435.3672502696993,inter,1.9522288291511967,0.0
826,877,373.4431316189794,inter,1.7456722030644927,0.0
827,878,330.784617964123,inter,1.603378717966691,0.0
828,879,318.0670475177561,inter,1.5609574691760797,0.0
829,880,339.3876915407875,inter,1.6320754825019232,0.0
830,881,388.14408891742613,inter,1.7947093182625233,0.0
831,882,453.34351235269565,inter,2.012191185118792,0.0
832,935,562.9750027669191,inter,2.3778824741712454,0.0
833,884,635.8791167860785,inter,2.6210644224614836,0.0
834,885,704.552083718617,inter,2.850132783255732,0.0
835,886,766.6454191783974,inter,3.057253855860502,0.0
836,887,820.4188089042364,inter,3.236622576756872,0.0
837,888,864.5577981872907,inter,3.383854396988502,0.0
838,889,898.0772280811326,inter,3.4956631800294744,0.0
839,890,920.2715070734981,inter,3.569695325936112,0.0
840,891,930.6916135455689,inter,3.604453059808359,0.0
841,892,929.130115620902,inter,3.5992444633844056,0.0
842,893,915.6181083854294,inter,3.554173258706293,0.0
843,894,890.4249444087875,inter,3.4701379092358207,0.0
844,895,854.0650753285418,inter,3.3488544409230663,0.0
845,896,807.3131028082356,inter,3.192906646798418,0.0
846,897,751.2343061372028,inter,3.0058479160846763,0.0
847,898,687.2419535283403,inter,2.7923924041089134,0.0
848,899,617.2120128755415,inter,2.558797666202602,0.0
849,900,543.6986447027741,inter,2.313583464807424,0.0
850,901,470.35615796864613,inter,2.0689392625369054,0.0
851,902,402.6819968574626,inter,1.8432025593434462,0.0
852,903,348.9922432304542,inter,1.6641128184433986,0.0
853,904,320.1694564976369,inter,1.5679703506671836,0.0
854,905,324.6728444447994,inter,1.582992035926399,0.0
855,906,361.02462622738256,inter,1.7042485279178792,0.0
856,907,419.3314587933679,inter,1.8987391864053096,0.0
857,908,489.1507207972759,inter,2.1316311759826725,0.0
858,909,562.9750027669191,inter,2.3778824741712454,0.0
859,910,635.8791167860785,inter,2.6210644224614836,0.0
860,911,704.552083718617,inter,2.850132783255732,0.0015873015873015873
861,912,766.6454191783974,inter,3.057253855860502,0.0015873015873015873
862,913,820.4188089042364,inter,3.236622576756872,0.0
863,914,864.5577981872907,inter,3.383854396988502,0.0015873015873015873
864,915,898.0772280811326,inter,3.4956631800294744,0.0
865,916,920.2715070734981,inter,3.569695325936112,0.006349206349206349
866,917,930.6916135455689,inter,3.604453059808359,0.01111111111111111
867,918,929.130115620902,inter,3.5992444633844056,0.0
868,919,915.6181083854294,inter,3.554173258706293,0.0
869,920,890.4249444087875,inter,3.4701379092358207,0.0
870,921,854.0650753285418,inter,3.3488544409230663,0.0
871,922,807.3131028082356,inter,3.192906646798418,0.0
872,923,751.2343061372028,inter,3.0058479160846763,0.0
873,924,687.2419535283403,inter,2.7923924041089134,0.0
874,925,617.2120128755415,inter,2.558797666202602,0.0
875,926,543.6986447027741,inter,2.313583464807424,0.0
876,927,470.35615796864613,inter,2.0689392625369054,0.0
877,928,402.6819968574626,inter,1.8432025593434462,0.0
878,929,348.9922432304542,inter,1.6641128184433986,0.0
879,930,320.1694564976369,inter,1.5679703506671836,0.0
880,931,324.6728444447994,inter,1.582992035926399,0.0
881,932,361.02462622738256,inter,1.7042485279178792,0.0
882,933,419.3314587933679,inter,1.8987391864053096,0.0
883,934,489.1507207972759,inter,2.1316311759826725,0.0
884,987,599.7776770493668,inter,2.500642981650215,0.0
885,936,670.9087915697622,inter,2.7379108402045333,0.0
886,937,736.5413380858791,inter,2.956837450146525,0.0
887,938,794.6628556734712,inter,3.150709964403011,0.0
888,939,843.7612439906551,inter,3.3144845591501007,0.0
889,940,882.6951607847772,inter,3.444354126429616,0.0
890,941,910.6237978803265,inter,3.53751403205856,0.0
891,942,926.9719734735828,inter,3.592045676057611,0.0
892,943,931.4122305111493,inter,3.606856779269442,0.0
893,944,923.8567803981201,inter,3.581654510461768,0.0
894,945,904.4553967643955,inter,3.516938460688012,0.0
895,946,873.5986632452899,inter,3.4140114767173024,0.0
896,947,831.9289045024672,inter,3.2750161229955532,0.0
897,948,780.3603258113395,inter,3.103001860077946,0.0
898,949,720.1227820063081,inter,2.902071042115103,0.0
899,950,652.8413534431298,inter,2.677644353691946,0.0
900,951,580.6949881398568,inter,2.4369899830497297,0.0
901,952,506.7173901822799,inter,2.1902272777732117,0.0
902,953,435.36724268015155,inter,1.9522288038351905,0.0
903,954,373.44308598071154,inter,1.7456720508316175,0.0
904,955,330.78443566148167,inter,1.6033781098705346,0.0
905,956,318.06706439830447,inter,1.560957525483528,0.0
906,957,339.3876439658013,inter,1.632075323808851,0.0
907,958,388.1440787124851,inter,1.794709284222504,0.0
908,959,453.34362115940945,inter,2.0121915480589223,0.0
909,960,525.9180862795474,inter,2.254273905981809,0.0015873015873015873
910,961,599.7776770493668,inter,2.500642981650215,0.0
911,962,670.9087915697622,inter,2.7379108402045333,0.0031746031746031746
912,963,736.5413380858791,inter,2.956837450146525,0.0031746031746031746
913,964,794.6628556734712,inter,3.150709964403011,0.0015873015873015873
914,965,843.7612439906551,inter,3.3144845591501007,0.0031746031746031746
915,966,882.6951607847772,inter,3.444354126429616,0.015873015873015872
916,967,910.6237978803265,inter,3.53751403205856,0.007936507936507936
917,968,926.9719734735828,inter,3.592045676057611,0.01111111111111111
918,969,931.4122305111493,inter,3.606856779269442,0.0
919,970,923.8567803981201,inter,3.581654510461768,0.0
920,971,904.4553967643955,inter,3.516938460688012,0.0
921,972,873.5986632452899,inter,3.4140114767173024,0.0
922,973,831.9289045024672,inter,3.2750161229955532,0.0
923,974,780.3603258113395,inter,3.103001860077946,0.0
924,975,720.1227820063081,inter,2.902071042115103,0.0
925,976,652.8413534431298,inter,2.677644353691946,0.0
926,977,580.6949881398568,inter,2.4369899830497297,0.0
927,978,506.7173901822799,inter,2.1902272777732117,0.0
928,979,435.36724268015155,inter,1.9522288038351905,0.0
929,980,373.44308598071154,inter,1.7456720508316175,0.0
930,981,330.78443566148167,inter,1.6033781098705346,0.0
931,982,318.06706439830447,inter,1.560957525483528,0.0
932,983,339.3876439658013,inter,1.632075323808851,0.0
933,984,388.1440787124851,inter,1.794709284222504,0.0
934,985,453.34362115940945,inter,2.0121915480589223,0.0
935,986,525.9180862795474,inter,2.254273905981809,0.0
936,1039,635.8791855840723,inter,2.621064651946889,0.0
937,988,704.552120735496,inter,2.850132906730749,0.0
938,989,766.6451876958058,inter,3.0572530837176894,0.0
939,990,820.4188349517298,inter,3.236622663641958,0.0
940,991,864.5579382095117,inter,3.3838548640523567,0.0
941,992,898.077074216282,inter,3.4956626667915778,0.0
942,993,920.2715514428504,inter,3.5696954739363407,0.0
943,994,930.6916397277791,inter,3.604453147142812,0.0
944,995,929.1301728387991,inter,3.5992446542427667,0.0
945,996,915.6181762055687,inter,3.554173484929927,0.0
946,997,890.424894819698,inter,3.4701377438244227,0.0
947,998,854.0651452173606,inter,3.3488546740470726,0.0
948,999,807.3131879851745,inter,3.192906930918104,0.0
949,1000,751.2343083425409,inter,3.0058479234408924,0.0
950,1001,687.2423629290387,inter,2.7923937697226484,0.0
951,1002,617.2117525279564,inter,2.558796797776535,0.0
952,1003,543.6986207633831,inter,2.313583384954211,0.0
953,1004,470.3564024115273,inter,2.0689400779105904,0.0
954,1005,402.6822445484862,inter,1.843203385551768,0.0
955,1006,348.99226312387344,inter,1.6641128848007025,0.0
956,1007,320.1694400226379,inter,1.5679702957125023,0.0
957,1008,324.6729875825168,inter,1.5829925133824307,0.0
958,1009,361.0245696503594,inter,1.7042483391972436,0.0
959,1010,419.3314308298755,inter,1.8987390931291392,0.0
960,1011,489.15067100421385,inter,2.1316310098908957,0.0015873015873015873
961,1012,562.9749820311449,inter,2.377882405004148,0.0
962,1013,635.8791855840723,inter,2.621064651946889,0.006349206349206349
963,1014,704.552120735496,inter,2.850132906730749,0.004761904761904762
964,1015,766.6451876958058,inter,3.0572530837176894,0.0031746031746031746
965,1016,820.4188349517298,inter,3.236622663641958,0.009523809523809523
966,1017,864.5579382095117,inter,3.3838548640523567,0.014285714285714284
967,1018,898.077074216282,inter,3.4956626667915778,0.007936507936507936
968,1019,920.2715514428504,inter,3.5696954739363407,0.01111111111111111
969,1020,930.6916397277791,inter,3.604453147142812,0.0
970,1021,929.1301728387991,inter,3.5992446542427667,0.0
971,1022,915.6181762055687,inter,3.554173484929927,0.0
972,1023,890.424894819698,inter,3.4701377438244227,0.0
973,1024,854.0651452173606,inter,3.3488546740470726,0.0
974,1025,807.3131879851745,inter,3.192906930918104,0.0
975,1026,751.2343083425409,inter,3.0058479234408924,0.0
976,1027,687.2423629290387,inter,2.7923937697226484,0.0
977,1028,617.2117525279564,inter,2.558796797776535,0.0
978,1029,543.6986207633831,inter,2.313583384954211,0.0
979,1030,470.3564024115273,inter,2.0689400779105904,0.0
980,1031,402.6822445484862,inter,1.843203385551768,0.0
981,1032,348.99226312387344,inter,1.6641128848007025,0.0
982,1033,320.1694400226379,inter,1.5679702957125023,0.0
983,1034,324.6729875825168,inter,1.5829925133824307,0.0
984,1035,361.0245696503594,inter,1.7042483391972436,0.0
985,1036,419.3314308298755,inter,1.8987390931291392,0.0
986,1037,489.15067100421385,inter,2.1316310098908957,0.0
987,1038,562.9749820311449,inter,2.377882405004148,0.0
988,1091,670.9088048854936,inter,2.7379108846210323,0.0
989,1040,736.5413539371058,inter,2.956837503020526,0.0
990,1041,794.6627161577638,inter,3.1507094990287046,0.0
991,1042,843.7611291935463,inter,3.3144841762281634,0.0
992,1043,882.6951762091031,inter,3.4443541778796285,0.0
993,1044,910.623819278092,inter,3.537514103433823,0.0
994,1045,926.9719565172236,inter,3.5920456194972843,0.0
995,1046,931.4122714583718,inter,3.606856915854674,0.0
996,1047,923.8566403412746,inter,3.5816540432824184,0.0
997,1048,904.4554120545865,inter,3.5169385116905993,0.0
998,1049,873.5983978161319,inter,3.4140105913409333,0.0
999,1050,831.928837500305,inter,3.2750158995003975,0.0
1000,1051,780.3602733252919,inter,3.103001685003336,0.0
1001,1052,720.1225450566973,inter,2.9020702517362773,0.0
1002,1053,652.8414617785784,inter,2.677644715060105,0.0
1003,1054,580.6948490676205,inter,2.436989519154683,0.0
1004,1055,506.717267699294,inter,2.190226869213948,0.0
1005,1056,435.3671082922031,inter,1.9522283555652462,0.0
1006,1057,373.4430470382133,inter,1.7456719209334257,0.0
1007,1058,330.78445498008745,inter,1.6033781743104674,0.0
1008,1059,318.0669177987104,inter,1.5609570364799183,0.0
1009,1060,339.3878239729169,inter,1.6320759242479574,0.0
1010,1061,388.1441511347151,inter,1.7947095257970604,0.0
1011,1062,453.3436834489188,inter,2.0121917558343605,0.0031746031746031746
1012,1063,525.9181304227861,inter,2.254274053227804,0.0031746031746031746
1013,1064,599.7777299074502,inter,2.500643157965803,0.01111111111111111
1014,1065,670.9088048854936,inter,2.7379108846210323,0.0015873015873015873
1015,1066,736.5413539371058,inter,2.956837503020526,0.007936507936507936
1016,1067,794.6627161577638,inter,3.1507094990287046,0.007936507936507936
1017,1068,843.7611291935463,inter,3.3144841762281634,0.015873015873015872
1018,1069,882.6951762091031,inter,3.4443541778796285,0.007936507936507936
1019,1070,910.623819278092,inter,3.537514103433823,0.012698412698412697
1020,1071,926.9719565172236,inter,3.5920456194972843,0.006349206349206349
1021,1072,931.4122714583718,inter,3.606856915854674,0.0
1022,1073,923.8566403412746,inter,3.5816540432824184,0.0
1023,1074,904.4554120545865,inter,3.5169385116905993,0.0
1024,1075,873.5983978161319,inter,3.4140105913409333,0.0
1025,1076,831.928837500305,inter,3.2750158995003975,0.0
1026,1077,780.3602733252919,inter,3.103001685003336,0.0
1027,1078,720.1225450566973,inter,2.9020702517362773,0.0
1028,1079,652.8414617785784,inter,2.677644715060105,0.0
1029,1080,580.6948490676205,inter,2.436989519154683,0.0
1030,1081,506.717267699294,inter,2.190226869213948,0.0
1031,1082,435.3671082922031,inter,1.9522283555652462,0.0
1032,1083,373.4430470382133,inter,1.7456719209334257,0.0
1033,1084,330.78445498008745,inter,1.6033781743104674,0.0
1034,1085,318.0669177987104,inter,1.5609570364799183,0.0
1035,1086,339.3878239729169,inter,1.6320759242479574,0.0
1036,1087,388.1441511347151,inter,1.7947095257970604,0.0
1037,1088,453.3436834489188,inter,2.0121917558343605,0.0
1038,1089,525.9181304227861,inter,2.254274053227804,0.0
1039,1090,599.7777299074502,inter,2.500643157965803,0.0
1040,1143,704.5521227949197,inter,2.850132913600247,0.0
1041,1092,766.6452615422462,inter,3.0572533300429,0.0
1042,1093,820.4188555814451,inter,3.236622732455281,0.0
1043,1094,864.557848857523,inter,3.3838545660062036,0.0
1044,1095,898.0769903507352,inter,3.4956623870462256,0.0
1045,1096,920.2714719945162,inter,3.569695208925223,0.0
1046,1097,930.6915350504058,inter,3.6044527979766783,0.0
1047,1098,929.1304562177017,inter,3.5992455994930395,0.0
1048,1099,915.6181554176155,inter,3.554173415588779,0.0
1049,1100,890.4252437003325,inter,3.4701389075649547,0.0
1050,1101,854.06508459395,inter,3.3488544718291413,0.0
1051,1102,807.3132374993577,inter,3.1929070960796406,0.0
1052,1103,751.2342414928148,inter,3.0058477004542086,0.0
1053,1104,687.2421642010687,inter,2.7923931068374936,0.0
1054,1105,617.2117903785037,inter,2.5587969240323707,0.0
1055,1106,543.698508746931,inter,2.313583011307546,0.0
1056,1107,470.3562152441777,inter,2.068939453587514,0.0
1057,1108,402.6821478289264,inter,1.8432030629300435,0.0
1058,1109,348.9922797814485,inter,1.664112940364392,0.0
1059,1110,320.1695498720546,inter,1.5679706621307152,0.0
1060,1111,324.67273380838145,inter,1.5829916668830322,0.0
1061,1112,361.0244634505227,inter,1.7042479849527192,0.0
1062,1113,419.3313827372414,inter,1.8987389327093793,0.006349206349206349
1063,1114,489.1505144130144,inter,2.131630487558878,0.009523809523809523
1064,1115,562.9749844884607,inter,2.377882413200871,0.004761904761904762
1065,1116,635.8792459069855,inter,2.6210648531624683,0.01111111111111111
1066,1117,704.5521227949197,inter,2.850132913600247,0.006349206349206349
1067,1118,766.6452615422462,inter,3.0572533300429,0.006349206349206349
1068,1119,820.4188555814451,inter,3.236622732455281,0.01111111111111111
1069,1120,864.557848857523,inter,3.3838545660062036,0.012698412698412697
1070,1121,898.0769903507352,inter,3.4956623870462256,0.012698412698412697
1071,1122,920.2714719945162,inter,3.569695208925223,0.009523809523809523
1072,1123,930.6915350504058,inter,3.6044527979766783,0.0
1073,1124,929.1304562177017,inter,3.5992455994930395,0.0
1074,1125,915.6181554176155,inter,3.554173415588779,0.0
1075,1126,890.4252437003325,inter,3.4701389075649547,0.0
1076,1127,854.06508459395,inter,3.3488544718291413,0.0
1077,1128,807.3132374993577,inter,3.1929070960796406,0.0
1078,1129,751.2342414928148,inter,3.0058477004542086,0.0
1079,1130,687.2421642010687,inter,2.7923931068374936,0.0
1080,1131,617.2117903785037,inter,2.5587969240323707,0.0
1081,1132,543.698508746931,inter,2.313583011307546,0.0
1082,1133,470.3562152441777,inter,2.068939453587514,0.0
1083,1134,402.6821478289264,inter,1.8432030629300435,0.0
1084,1135,348.9922797814485,inter,1.664112940364392,0.0
1085,1136,320.1695498720546,inter,1.5679706621307152,0.0
1086,1137,324.67273380838145,inter,1.5829916668830322,0.0
1087,1138,361.0244634505227,inter,1.7042479849527192,0.0
1088,1139,419.3313827372414,inter,1.8987389327093793,0.0
1089,1140,489.1505144130144,inter,2.131630487558878,0.0
1090,1141,562.9749844884607,inter,2.377882413200871,0.0
1091,1142,635.8792459069855,inter,2.6210648531624683,0.0
1092,1195,736.5414834171837,inter,2.956837934919576,0.0
1093,1144,794.6628061987468,inter,3.1507097993730944,0.0
1094,1145,843.7611718875795,inter,3.3144843186401296,0.0
1095,1146,882.6951939398167,inter,3.444354237022923,0.0
1096,1147,910.6237880075786,inter,3.5375139991266176,0.0
1097,1148,926.972038805735,inter,3.5920458939822133,0.0
1098,1149,931.4118728455175,inter,3.606855586225313,0.0
1099,1150,923.8570585289103,inter,3.5816554382062216,0.0
1100,1151,904.4552930347223,inter,3.5169381146830663,0.0
1101,1152,873.5987015706514,inter,3.414011604556948,0.0
1102,1153,831.9289711389292,inter,3.2750163452708647,0.0
1103,1154,780.3605768114014,inter,3.1030026973240314,0.0
1104,1155,720.1228345851019,inter,2.902071217499081,0.0
1105,1156,652.8416485024834,inter,2.6776453379040093,0.0
1106,1157,580.6949839093904,inter,2.4369899689384127,0.0
1107,1158,506.7173037597699,inter,2.1902269894987483,0.0
1108,1159,435.36711027231956,inter,1.9522283621702037,0.0
1109,1160,373.4430002190567,inter,1.7456717647615296,0.0
1110,1161,330.78451362218533,inter,1.6033783699194506,0.0
1111,1162,318.0670557903272,inter,1.5609574967704065,0.0
1112,1163,339.38782292526247,inter,1.6320759207533584,0.0
1113,1164,388.14407578571416,inter,1.794709274459847,0.01111111111111111
1114,1165,453.3437893983222,inter,2.0121921092435295,0.01746031746031746
1115,1166,525.9180328037332,inter,2.2542737276056934,0.015873015873015872
1116,1167,599.7776016314564,inter,2.5006427300831446,0.012698412698412697
1117,1168,670.9088058808911,inter,2.7379108879413208,0.022222222222222227
1118,1169,736.5414834171837,inter,2.956837934919576,0.007936507936507936
1119,1170,794.6628061987468,inter,3.1507097993730944,0.01904761904761905
1120,1171,843.7611718875795,inter,3.3144843186401296,0.014285714285714284
1121,1172,882.6951939398167,inter,3.444354237022923,0.012698412698412697
1122,1173,910.6237880075786,inter,3.5375139991266176,0.006349206349206349
1123,1174,926.972038805735,inter,3.5920458939822133,0.0
1124,1175,931.4118728455175,inter,3.606855586225313,0.0
1125,1176,923.8570585289103,inter,3.5816554382062216,0.0
1126,1177,904.4552930347223,inter,3.5169381146830663,0.0
1127,1178,873.5987015706514,inter,3.414011604556948,0.0
1128,1179,831.9289711389292,inter,3.2750163452708647,0.0
1129,1180,780.3605768114014,inter,3.1030026973240314,0.0
1130,1181,720.1228345851019,inter,2.902071217499081,0.0
1131,1182,652.8416485024834,inter,2.6776453379040093,0.0
1132,1183,580.6949839093904,inter,2.4369899689384127,0.0
1133,1184,506.7173037597699,inter,2.1902269894987483,0.0
1134,1185,435.36711027231956,inter,1.9522283621702037,0.0
1135,1186,373.4430002190567,inter,1.7456717647615296,0.0
1136,1187,330.78451362218533,inter,1.6033783699194506,0.0
1137,1188,318.0670557903272,inter,1.5609574967704065,0.0
1138,1189,339.38782292526247,inter,1.6320759207533584,0.0
1139,1190,388.14407578571416,inter,1.794709274459847,0.0
1140,1191,453.3437893983222,inter,2.0121921092435295,0.0
1141,1192,525.9180328037332,inter,2.2542737276056934,0.0
1142,1193,599.7776016314564,inter,2.5006427300831446,0.0
1143,1194,670.9088058808911,inter,2.7379108879413208,0.0
1144,1247,766.6453037121752,inter,3.057253470706642,0.0
1145,1196,820.4187468504107,inter,3.23662236976759,0.0
1146,1197,864.5578071508933,inter,3.383854426887862,0.0
1147,1198,898.0771971409737,inter,3.495663076824213,0.0
1148,1199,920.2715990827993,inter,3.5696956328461047,0.0
1149,1200,930.691927895944,inter,3.6044541083683432,0.0
1150,1201,929.1299371927594,inter,3.5992438682121866,0.0
1151,1202,915.6180219783043,inter,3.554172970483148,0.0
1152,1203,890.4249443819052,inter,3.470137909146151,0.0
1153,1204,854.0649320993097,inter,3.348853963161774,0.0
1154,1205,807.313191440807,inter,3.192906942444853,0.0
1155,1206,751.234188435665,inter,3.005847523474607,0.0
1156,1207,687.2419639766823,inter,2.792392438960831,0.0
1157,1208,617.2119023576204,inter,2.558797297554498,0.0
1158,1209,543.6987362491597,inter,2.3135837701732966,0.0
1159,1210,470.3563481358117,inter,2.0689398968662904,0.0
1160,1211,402.6821304975125,inter,1.8432030051186694,0.0
1161,1212,348.99237508055194,inter,1.6641132582479843,0.0
1162,1213,320.16947450611525,inter,1.5679704107370014,0.0
1163,1214,324.6728429114026,inter,1.5829920308115377,0.0
1164,1215,361.02457987034927,inter,1.7042483732874605,0.014285714285714284
1165,1216,419.3312837498881,inter,1.8987386025231099,0.02857142857142858
1166,1217,489.1505485115751,inter,2.1316306012994337,0.0015873015873015873
1167,1218,562.9749579091006,inter,2.3778823245416687,0.012698412698412697
1168,1219,635.8792201045924,inter,2.6210647670949494,0.020634920634920638
1169,1220,704.5521305097761,inter,2.8501329393342383,0.009523809523809523
1170,1221,766.6453037121752,inter,3.057253470706642,0.01746031746031746
1171,1222,820.4187468504107,inter,3.23662236976759,0.01111111111111111
1172,1223,864.5578071508933,inter,3.383854426887862,0.009523809523809523
1173,1224,898.0771971409737,inter,3.495663076824213,0.0031746031746031746
1174,1225,920.2715990827993,inter,3.5696956328461047,0.0
1175,1226,930.691927895944,inter,3.6044541083683432,0.0
1176,1227,929.1299371927594,inter,3.5992438682121866,0.0
1177,1228,915.6180219783043,inter,3.554172970483148,0.0
1178,1229,890.4249443819052,inter,3.470137909146151,0.0
1179,1230,854.0649320993097,inter,3.348853963161774,0.0
1180,1231,807.313191440807,inter,3.192906942444853,0.0
1181,1232,751.234188435665,inter,3.005847523474607,0.0
1182,1233,687.2419639766823,inter,2.792392438960831,0.0
1183,1234,617.2119023576204,inter,2.558797297554498,0.0
1184,1235,543.6987362491597,inter,2.3135837701732966,0.0
1185,1236,470.3563481358117,inter,2.0689398968662904,0.0
1186,1237,402.6821304975125,inter,1.8432030051186694,0.0
1187,1238,348.99237508055194,inter,1.6641132582479843,0.0
1188,1239,320.16947450611525,inter,1.5679704107370014,0.0
1189,1240,324.6728429114026,inter,1.5829920308115377,0.0
1190,1241,361.02457987034927,inter,1.7042483732874605,0.0
1191,1242,419.3312837498881,inter,1.8987386025231099,0.0
1192,1243,489.1505485115751,inter,2.1316306012994337,0.0
1193,1244,562.9749579091006,inter,2.3778823245416687,0.0
1194,1245,635.8792201045924,inter,2.6210647670949494,0.0
1195,1246,704.5521305097761,inter,2.8501329393342383,0.0
1196,1299,794.662692240154,inter,3.1507094192481455,0.0
1197,1248,843.7613836990635,inter,3.314485025167189,0.0
1198,1249,882.6951693695213,inter,3.4443541550652395,0.0
1199,1250,910.6238074115046,inter,3.537514063851148,0.0
1200,1251,926.9716251734407,inter,3.5920445142533928,0.0
1201,1252,931.4122102317532,inter,3.6068567116246575,0.0
1202,1253,923.8569336894774,inter,3.581655021786697,0.0
1203,1254,904.45548426745,inter,3.5169387525667837,0.0
1204,1255,873.598678501841,inter,3.4140115276076797,0.0
1205,1256,831.9287500435306,inter,3.2750156077759986,0.0
1206,1257,780.360379341112,inter,3.1030020386340476,0.0
1207,1258,720.1229061364753,inter,2.9020714561687715,0.0
1208,1259,652.8415016046648,inter,2.6776448479056296,0.0
1209,1260,580.6947944543465,inter,2.43698933698441,0.0
1210,1261,506.7173173189864,inter,2.1902270347274264,0.0
1211,1262,435.36726851352853,inter,1.9522288900060607,0.0
1212,1263,373.4427513367973,inter,1.7456709345796728,0.0
1213,1264,330.7845285970612,inter,1.6033784198702599,0.0
1214,1265,318.0670002449742,inter,1.5609573114910522,0.0
1215,1266,339.38771455929543,inter,1.6320755592834009,0.01746031746031746
1216,1267,388.14413545842945,inter,1.7947094735065998,0.03333333333333335
1217,1268,453.3436621327651,inter,2.0121916847313255,0.006349206349206349
1218,1269,525.9180019397937,inter,2.254273624654673,0.0015873015873015873
1219,1270,599.7777474886957,inter,2.500643216610525,0.022222222222222227
1220,1271,670.9085306031898,inter,2.737909969713747,0.006349206349206349
1221,1272,736.5411447242692,inter,2.95683680516162,0.014285714285714284
1222,1273,794.662692240154,inter,3.1507094192481455,0.004761904761904762
1223,1274,843.7613836990635,inter,3.314485025167189,0.009523809523809523
1224,1275,882.6951693695213,inter,3.4443541550652395,0.0031746031746031746
1225,1276,910.6238074115046,inter,3.537514063851148,0.0
1226,1277,926.9716251734407,inter,3.5920445142533928,0.0
1227,1278,931.4122102317532,inter,3.6068567116246575,0.0
1228,1279,923.8569336894774,inter,3.581655021786697,0.0
1229,1280,904.45548426745,inter,3.5169387525667837,0.0
1230,1281,873.598678501841,inter,3.4140115276076797,0.0
1231,1282,831.9287500435306,inter,3.2750156077759986,0.0
1232,1283,780.360379341112,inter,3.1030020386340476,0.0
1233,1284,720.1229061364753,inter,2.9020714561687715,0.0
1234,1285,652.8415016046648,inter,2.6776448479056296,0.0
1235,1286,580.6947944543465,inter,2.43698933698441,0.0
1236,1287,506.7173173189864,inter,2.1902270347274264,0.0
1237,1288,435.36726851352853,inter,1.9522288900060607,0.0
1238,1289,373.4427513367973,inter,1.7456709345796728,0.0
1239,1290,330.7845285970612,inter,1.6033784198702599,0.0
1240,1291,318.0670002449742,inter,1.5609573114910522,0.0
1241,1292,339.38771455929543,inter,1.6320755592834009,0.0
1242,1293,388.14413545842945,inter,1.7947094735065998,0.0
1243,1294,453.3436621327651,inter,2.0121916847313255,0.0
1244,1295,525.9180019397937,inter,2.254273624654673,0.0
1245,1296,599.7777474886957,inter,2.500643216610525,0.0
1246,1297,670.9085306031898,inter,2.737909969713747,0.0
1247,1298,736.5411447242692,inter,2.95683680516162,0.0
1248,1351,820.4189102499796,inter,3.236622914809884,0.0
1249,1300,864.5576091766726,inter,3.3838537665169435,0.0
1250,1301,898.0771356756336,inter,3.495662871797908,0.0
1251,1302,920.2716432345567,inter,3.569695780120515,0.0
1252,1303,930.6916346240122,inter,3.6044531301184777,0.0
1253,1304,929.1303205698669,inter,3.599245147020566,0.0
1254,1305,915.6180118984801,inter,3.554172936860473,0.0
1255,1306,890.4250570853796,inter,3.470138285084476,0.0
1256,1307,854.0650679909418,inter,3.3488544164474674,0.0
1257,1308,807.3131393755945,inter,3.192906768773998,0.0
1258,1309,751.2342753970562,inter,3.0058478135465845,0.0
1259,1310,687.2420362205418,inter,2.7923926799404066,0.0
1260,1311,617.2119854761645,inter,2.558797574808118,0.0
1261,1312,543.6986689244478,inter,2.313583545602231,0.0
1262,1313,470.35627904063506,inter,2.0689396663895896,0.0
1263,1314,402.6821841768038,inter,1.8432031841735117,0.0
1264,1315,348.9924473518171,inter,1.6641134993189757,0.0
1265,1316,320.1694352986205,inter,1.5679702799548765,0.0
1266,1317,324.6728749582034,inter,1.5829921377081588,0.0
1267,1318,361.0245938797645,inter,1.7042484200178396,0.036507936507936524
1268,1319,419.3314441731428,inter,1.898739137637488,0.0031746031746031746
1269,1320,489.1506137828145,inter,2.1316308190208524,0.009523809523809523
1270,1321,562.9749497557046,inter,2.3778822973448674,0.004761904761904762
1271,1322,635.8794218324055,inter,2.621065439986504,0.006349206349206349
1272,1323,704.552267567769,inter,2.8501333965104925,0.004761904761904762
1273,1324,766.6453606164629,inter,3.0572536605189145,0.0
1274,1325,820.4189102499796,inter,3.236622914809884,0.0
1275,1326,864.5576091766726,inter,3.3838537665169435,0.0
1276,1327,898.0771356756336,inter,3.495662871797908,0.0
1277,1328,920.2716432345567,inter,3.569695780120515,0.0
1278,1329,930.6916346240122,inter,3.6044531301184777,0.0
1279,1330,929.1303205698669,inter,3.599245147020566,0.0
1280,1331,915.6180118984801,inter,3.554172936860473,0.0
1281,1332,890.4250570853796,inter,3.470138285084476,0.0
1282,1333,854.0650679909418,inter,3.3488544164474674,0.0
1283,1334,807.3131393755945,inter,3.192906768773998,0.0
1284,1335,751.2342753970562,inter,3.0058478135465845,0.0
1285,1336,687.2420362205418,inter,2.7923926799404066,0.0
1286,1337,617.2119854761645,inter,2.558797574808118,0.0
1287,1338,543.6986689244478,inter,2.313583545602231,0.0
1288,1339,470.35627904063506,inter,2.0689396663895896,0.0
1289,1340,402.6821841768038,inter,1.8432031841735117,0.0
1290,1341,348.9924473518171,inter,1.6641134993189757,0.0
1291,1342,320.1694352986205,inter,1.5679702799548765,0.0
1292,1343,324.6728749582034,inter,1.5829921377081588,0.0
1293,1344,361.0245938797645,inter,1.7042484200178396,0.0
1294,1345,419.3314441731428,inter,1.898739137637488,0.0
1295,1346,489.1506137828145,inter,2.1316308190208524,0.0
1296,1347,562.9749497557046,inter,2.3778822973448674,0.0
1297,1348,635.8794218324055,inter,2.621065439986504,0.0
1298,1349,704.552267567769,inter,2.8501333965104925,0.0
1299,1350,766.6453606164629,inter,3.0572536605189145,0.0
1300,1403,843.7613514363771,inter,3.3144849175504514,0.0
1301,1352,882.6949234073697,inter,3.444353334623814,0.0
1302,1353,910.6238611707876,inter,3.5375142431728137,0.0
1303,1354,926.9720160238123,inter,3.5920458179898986,0.0
1304,1355,931.4121041496825,inter,3.6068563577729584,0.0
1305,1356,923.8567946033282,inter,3.581654557845242,0.0
1306,1357,904.4553609599806,inter,3.5169383412573394,0.0
1307,1358,873.5987351860314,inter,3.414011716685786,0.0
1308,1359,831.9288268696505,inter,3.2750158640403506,0.0
1309,1360,780.3603293569832,inter,3.1030018719049406,0.0
1310,1361,720.122781186413,inter,2.902071039380227,0.0
1311,1362,652.841450025904,inter,2.677644675857403,0.0
1312,1363,580.6947438909674,inter,2.436989168323132,0.0
1313,1364,506.7172299745618,inter,2.1902267433777864,0.0
1314,1365,435.36723040367315,inter,1.9522287628852664,0.0
1315,1366,373.44291805103086,inter,1.7456714906784976,0.0
1316,1367,330.7844141895922,inter,1.603378038248021,0.0
1317,1368,318.0670147619147,inter,1.5609573599143538,0.012698412698412697
1318,1369,339.38770381151005,inter,1.6320755234326476,0.022222222222222227
1319,1370,388.1440055608539,inter,1.7947090402149273,0.004761904761904762
1320,1371,453.3436685720733,inter,2.0121917062105457,0.01111111111111111
1321,1372,525.917842318169,inter,2.2542730922142447,0.009523809523809523
1322,1373,599.7776422829251,inter,2.500642865681848,0.007936507936507936
1323,1374,670.9088689536013,inter,2.737911098329236,0.006349206349206349
1324,1375,736.5412814451088,inter,2.956837261213252,0.0
1325,1376,794.6627297786491,inter,3.150709544463087,0.0
1326,1377,843.7613514363771,inter,3.3144849175504514,0.0
1327,1378,882.6949234073697,inter,3.444353334623814,0.0
1328,1379,910.6238611707876,inter,3.5375142431728137,0.0
1329,1380,926.9720160238123,inter,3.5920458179898986,0.0
1330,1381,931.4121041496825,inter,3.6068563577729584,0.0
1331,1382,923.8567946033282,inter,3.581654557845242,0.0
1332,1383,904.4553609599806,inter,3.5169383412573394,0.0
1333,1384,873.5987351860314,inter,3.414011716685786,0.0
1334,1385,831.9288268696505,inter,3.2750158640403506,0.0
1335,1386,780.3603293569832,inter,3.1030018719049406,0.0
1336,1387,720.122781186413,inter,2.902071039380227,0.0
1337,1388,652.841450025904,inter,2.677644675857403,0.0
1338,1389,580.6947438909674,inter,2.436989168323132,0.0
1339,1390,506.7172299745618,inter,2.1902267433777864,0.0
1340,1391,435.36723040367315,inter,1.9522287628852664,0.0
1341,1392,373.44291805103086,inter,1.7456714906784976,0.0
1342,1393,330.7844141895922,inter,1.603378038248021,0.0
1343,1394,318.0670147619147,inter,1.5609573599143538,0.0
1344,1395,339.38770381151005,inter,1.6320755234326476,0.0
1345,1396,388.1440055608539,inter,1.7947090402149273,0.0
1346,1397,453.3436685720733,inter,2.0121917062105457,0.0
1347,1398,525.917842318169,inter,2.2542730922142447,0.0
1348,1399,599.7776422829251,inter,2.500642865681848,0.0
1349,1400,670.9088689536013,inter,2.737911098329236,0.0
1350,1401,736.5412814451088,inter,2.956837261213252,0.0
1351,1402,794.6627297786491,inter,3.150709544463087,0.0
1352,1455,864.5579511322594,inter,3.383854907158003,0.0
1353,1404,898.0770751888646,inter,3.495662670035764,0.0
1354,1405,920.2715635695383,inter,3.5696955143866176,0.0
1355,1406,930.6915901001246,inter,3.604452981602775,0.0
1356,1407,929.1302081004651,inter,3.599244771863024,0.0
1357,1408,915.6181426507807,inter,3.554173373003202,0.0
1358,1409,890.4249000750309,inter,3.4701377613543265,0.0
1359,1410,854.0651036647695,inter,3.348854535442548,0.0
1360,1411,807.3130971501664,inter,3.192906627925131,0.0
1361,1412,751.2343858913622,inter,3.0058481821159164,0.0
1362,1413,687.2420304405454,inter,2.792392660660414,0.0
1363,1414,617.2120460684204,inter,2.558797776922128,0.0
1364,1415,543.6986887454274,inter,2.3135836117179016,0.0
1365,1416,470.3561534083569,inter,2.0689392473254173,0.0
1366,1417,402.6820805518847,inter,1.8432028385179882,0.0
1367,1418,348.9924509276595,inter,1.6641135112467023,0.0
1368,1419,320.1694275417287,inter,1.5679702540806704,0.009523809523809523
1369,1420,324.6728680927216,inter,1.5829921148073767,0.022222222222222227
1370,1421,361.024705640228,inter,1.7042487928106185,0.0031746031746031746
1371,1422,419.3314943432654,inter,1.8987393049870034,0.012698412698412697
1372,1423,489.1505669355911,inter,2.1316306627553354,0.0
1373,1424,562.9751118285083,inter,2.3778828379615486,0.004761904761904762
1374,1425,635.8790318377331,inter,2.6210641391043037,0.0
1375,1426,704.552176291652,inter,2.8501330920461383,0.0
1376,1427,766.645112231803,inter,3.057252831996871,0.0
1377,1428,820.4189299980324,inter,3.2366229806822973,0.0
1378,1429,864.5579511322594,inter,3.383854907158003,0.0
1379,1430,898.0770751888646,inter,3.495662670035764,0.0
1380,1431,920.2715635695383,inter,3.5696955143866176,0.0
1381,1432,930.6915901001246,inter,3.604452981602775,0.0
1382,1433,929.1302081004651,inter,3.599244771863024,0.0
1383,1434,915.6181426507807,inter,3.554173373003202,0.0
1384,1435,890.4249000750309,inter,3.4701377613543265,0.0
1385,1436,854.0651036647695,inter,3.348854535442548,0.0
1386,1437,807.3130971501664,inter,3.192906627925131,0.0
1387,1438,751.2343858913622,inter,3.0058481821159164,0.0
1388,1439,687.2420304405454,inter,2.792392660660414,0.0
1389,1440,617.2120460684204,inter,2.558797776922128,0.0
1390,1441,543.6986887454274,inter,2.3135836117179016,0.0
1391,1442,470.3561534083569,inter,2.0689392473254173,0.0
1392,1443,402.6820805518847,inter,1.8432028385179882,0.0
1393,1444,348.9924509276595,inter,1.6641135112467023,0.0
1394,1445,320.1694275417287,inter,1.5679702540806704,0.0
1395,1446,324.6728680927216,inter,1.5829921148073767,0.0
1396,1447,361.024705640228,inter,1.7042487928106185,0.0
1397,1448,419.3314943432654,inter,1.8987393049870034,0.0
1398,1449,489.1505669355911,inter,2.1316306627553354,0.0
1399,1450,562.9751118285083,inter,2.3778828379615486,0.0
1400,1451,635.8790318377331,inter,2.6210641391043037,0.0
1401,1452,704.552176291652,inter,2.8501330920461383,0.0
1402,1453,766.645112231803,inter,3.057252831996871,0.0
1403,1454,820.4189299980324,inter,3.2366229806822973,0.0
1404,1507,882.695173763642,inter,3.4443541697224487,0.0
1405,1456,910.6238043115828,inter,3.537514053510922,0.0
1406,1457,926.9719437760464,inter,3.592045576997292,0.0
1407,1458,931.4122183688298,inter,3.6068567387670236,0.0
1408,1459,923.8567705360631,inter,3.5816544775654866,0.0
1409,1460,904.4553292381758,inter,3.5169382354447882,0.0
1410,1461,873.5987830585236,inter,3.414011876371232,0.0
1411,1462,831.92890543248,inter,3.275016126097742,0.0
1412,1463,780.3604408258672,inter,3.103002243725115,0.0
1413,1464,720.1229806722848,inter,2.9020717047934705,0.0
1414,1465,652.8413598758018,inter,2.67764437514903,0.0
1415,1466,580.6948237389763,inter,2.43698943466742,0.0
1416,1467,506.7175208689282,inter,2.190227713696948,0.0
1417,1468,435.3671285726367,inter,1.952228423213491,0.0
1418,1469,373.4428676753374,inter,1.7456713226432716,0.01746031746031746
1419,1470,330.7844968909943,inter,1.6033783141102045,0.0
1420,1471,318.06703142468155,inter,1.560957415495361,0.004761904761904762
1421,1472,339.38762421039087,inter,1.6320752579118947,0.0031746031746031746
1422,1473,388.14403984699874,inter,1.7947091545811962,0.012698412698412697
1423,1474,453.3436802466048,inter,2.012191745152591,0.0
1424,1475,525.9178239001063,inter,2.2542730307782004,0.0
1425,1476,599.7778133727074,inter,2.5006434363759324,0.0
1426,1477,670.9088137174426,inter,2.737910914081243,0.0
1427,1478,736.5414376058887,inter,2.9568377821095444,0.0
1428,1479,794.6626914749812,inter,3.150709416695804,0.0
1429,1480,843.7612857504928,inter,3.3144846984459257,0.0
1430,1481,882.695173763642,inter,3.4443541697224487,0.0
1431,1482,910.6238043115828,inter,3.537514053510922,0.0
1432,1483,926.9719437760464,inter,3.592045576997292,0.0
1433,1484,931.4122183688298,inter,3.6068567387670236,0.0
1434,1485,923.8567705360631,inter,3.5816544775654866,0.0
1435,1486,904.4553292381758,inter,3.5169382354447882,0.0
1436,1487,873.5987830585236,inter,3.414011876371232,0.0
1437,1488,831.92890543248,inter,3.275016126097742,0.0
1438,1489,780.3604408258672,inter,3.103002243725115,0.0
1439,1490,720.1229806722848,inter,2.9020717047934705,0.0
1440,1491,652.8413598758018,inter,2.67764437514903,0.0
1441,1492,580.6948237389763,inter,2.43698943466742,0.0
1442,1493,506.7175208689282,inter,2.190227713696948,0.0
1443,1494,435.3671285726367,inter,1.952228423213491,0.0
1444,1495,373.4428676753374,inter,1.7456713226432716,0.0
1445,1496,330.7844968909943,inter,1.6033783141102045,0.0
1446,1497,318.06703142468155,inter,1.560957415495361,0.0
1447,1498,339.38762421039087,inter,1.6320752579118947,0.0
1448,1499,388.14403984699874,inter,1.7947091545811962,0.0
1449,1500,453.3436802466048,inter,2.012191745152591,0.0
1450,1501,525.9178239001063,inter,2.2542730307782004,0.0
1451,1502,599.7778133727074,inter,2.5006434363759324,0.0
1452,1503,670.9088137174426,inter,2.737910914081243,0.0
1453,1504,736.5414376058887,inter,2.9568377821095444,0.0
1454,1505,794.6626914749812,inter,3.150709416695804,0.0
1455,1506,843.7612857504928,inter,3.3144846984459257,0.0
1456,1559,898.0771374759979,inter,3.4956628778032766,0.0
1457,1508,920.2715981227973,inter,3.569695629643883,0.0
1458,1509,930.6916491839643,inter,3.60445317868525,0.0
1459,1510,929.1302533059015,inter,3.599244922652129,0.0
1460,1511,915.6182362291127,inter,3.5541736851469183,0.0
1461,1512,890.4247786058506,inter,3.470137356176754,0.0
1462,1513,854.0650427800343,inter,3.3488543323529316,0.0
1463,1514,807.3131826077702,inter,3.1929069129810137,0.0
1464,1515,751.2340811975823,inter,3.0058471657668666,0.0
1465,1516,687.2419054589506,inter,2.792392243766688,0.0
1466,1517,617.2118908947465,inter,2.5587972593184665,0.0
1467,1518,543.6986207930786,inter,2.3135833850532643,0.0
1468,1519,470.3562700382776,inter,2.0689396363609576,0.0
1469,1520,402.6821400771427,inter,1.8432030370728762,0.015873015873015872
1470,1521,348.99231476573294,inter,1.6641130570594038,0.015873015873015872
1471,1522,320.1694368742394,inter,1.5679702852105752,0.007936507936507936
1472,1523,324.67279519868737,inter,1.582991871659051,0.0
1473,1524,361.02466467512517,inter,1.7042486561657437,0.012698412698412697
1474,1525,419.3315312327803,inter,1.89873942803718,0.0
1475,1526,489.15049944110444,inter,2.131630437617962,0.0
1476,1527,562.9749238022706,inter,2.37788221077353,0.0
1477,1528,635.8791403652987,inter,2.621064501113296,0.0
1478,1529,704.5520999362083,inter,2.8501328373517936,0.0
1479,1530,766.6451938741874,inter,3.057253104326552,0.0
1480,1531,820.4188008738399,inter,3.236622549970353,0.0
1481,1532,864.5579212313897,inter,3.3838548074194374,0.0
1482,1533,898.0771374759979,inter,3.4956628778032766,0.0
1483,1534,920.2715981227973,inter,3.569695629643883,0.0
1484,1535,930.6916491839643,inter,3.60445317868525,0.0
1485,1536,929.1302533059015,inter,3.599244922652129,0.0
1486,1537,915.6182362291127,inter,3.5541736851469183,0.0
1487,1538,890.4247786058506,inter,3.470137356176754,0.0
1488,1539,854.0650427800343,inter,3.3488543323529316,0.0
1489,1540,807.3131826077702,inter,3.1929069129810137,0.0
1490,1541,751.2340811975823,inter,3.0058471657668666,0.0
1491,1542,687.2419054589506,inter,2.792392243766688,0.0
1492,1543,617.2118908947465,inter,2.5587972593184665,0.0
1493,1544,543.6986207930786,inter,2.3135833850532643,0.0
1494,1545,470.3562700382776,inter,2.0689396363609576,0.0
1495,1546,402.6821400771427,inter,1.8432030370728762,0.0
1496,1547,348.99231476573294,inter,1.6641130570594038,0.0
1497,1548,320.1694368742394,inter,1.5679702852105752,0.0
1498,1549,324.67279519868737,inter,1.582991871659051,0.0
1499,1550,361.02466467512517,inter,1.7042486561657437,0.0
1500,1551,419.3315312327803,inter,1.89873942803718,0.0
1501,1552,489.15049944110444,inter,2.131630437617962,0.0
1502,1553,562.9749238022706,inter,2.37788221077353,0.0
1503,1554,635.8791403652987,inter,2.621064501113296,0.0
1504,1555,704.5520999362083,inter,2.8501328373517936,0.0
1505,1556,766.6451938741874,inter,3.057253104326552,0.0
1506,1557,820.4188008738399,inter,3.236622549970353,0.0
1507,1558,864.5579212313897,inter,3.3838548074194374,0.0
1508,1611,910.6237148610954,inter,3.5375137551362132,0.0
1509,1560,926.9718384474479,inter,3.5920452256589055,0.0
1510,1561,931.41214253101,inter,3.606856485799286,0.0
1511,1562,923.8568914445411,inter,3.5816548808727577,0.0
1512,1563,904.4555761768711,inter,3.516939059143613,0.0
1513,1564,873.5988009964575,inter,3.4140119362057386,0.0
1514,1565,831.9285981208276,inter,3.2750151010164092,0.0
1515,1566,780.3604138717512,inter,3.1030021538158614,0.0
1516,1567,720.1230924734798,inter,2.9020720777221145,0.0
1517,1568,652.8415934102313,inter,2.677645154136037,0.0
1518,1569,580.694669057166,inter,2.4369889187044396,0.0
1519,1570,506.7173528499542,inter,2.190227153245977,0.0
1520,1571,435.3672226007083,inter,1.9522287368573772,0.014285714285714284
1521,1572,373.44300288171956,inter,1.7456717736432168,0.014285714285714284
1522,1573,330.7844800751248,inter,1.6033782580185016,0.023809523809523815
1523,1574,318.06712640984085,inter,1.560957732331748,0.012698412698412697
1524,1575,339.3876831527797,inter,1.6320754545225407,0.006349206349206349
1525,1576,388.14403206450754,inter,1.7947091286216,0.0
1526,1577,453.34383223128367,inter,2.0121922521189095,0.0
1527,1578,525.918002511956,inter,2.254273626563201,0.0
1528,1579,599.7776953342415,inter,2.500643042641992,0.0
1529,1580,670.9087783496823,inter,2.737910796107093,0.0
1530,1581,736.5414201566703,inter,2.956837723905217,0.0
1531,1582,794.6626769829487,inter,3.150709368355587,0.0
1532,1583,843.7611726556962,inter,3.3144843212022908,0.0
1533,1584,882.6950676967559,inter,3.4443538159213998,0.0
1534,1585,910.6237148610954,inter,3.5375137551362132,0.0
1535,1586,926.9718384474479,inter,3.5920452256589055,0.0
1536,1587,931.41214253101,inter,3.606856485799286,0.0
1537,1588,923.8568914445411,inter,3.5816548808727577,0.0
1538,1589,904.4555761768711,inter,3.516939059143613,0.0
1539,1590,873.5988009964575,inter,3.4140119362057386,0.0
1540,1591,831.9285981208276,inter,3.2750151010164092,0.0
1541,1592,780.3604138717512,inter,3.1030021538158614,0.0
1542,1593,720.1230924734798,inter,2.9020720777221145,0.0
1543,1594,652.8415934102313,inter,2.677645154136037,0.0
1544,1595,580.694669057166,inter,2.4369889187044396,0.0
1545,1596,506.7173528499542,inter,2.190227153245977,0.0
1546,1597,435.3672226007083,inter,1.9522287368573772,0.0
1547,1598,373.44300288171956,inter,1.7456717736432168,0.0
1548,1599,330.7844800751248,inter,1.6033782580185016,0.0
1549,1600,318.06712640984085,inter,1.560957732331748,0.0
1550,1601,339.3876831527797,inter,1.6320754545225407,0.0
1551,1602,388.14403206450754,inter,1.7947091286216,0.0
1552,1603,453.34383223128367,inter,2.0121922521189095,0.0
1553,1604,525.918002511956,inter,2.254273626563201,0.0
1554,1605,599.7776953342415,inter,2.500643042641992,0.0
1555,1606,670.9087783496823,inter,2.737910796107093,0.0
1556,1607,736.5414201566703,inter,2.956837723905217,0.0
1557,1608,794.6626769829487,inter,3.150709368355587,0.0
1558,1609,843.7611726556962,inter,3.3144843212022908,0.0
1559,1610,882.6950676967559,inter,3.4443538159213998,0.0
1560,1663,920.2716269110043,inter,3.5696957256710053,0.0
1561,1612,930.6917897043684,inter,3.6044536474108644,0.0
1562,1613,929.1300317396876,inter,3.599244183586792,0.0
1563,1614,915.6179631165743,inter,3.5541727741415508,0.0
1564,1615,890.4249605810293,inter,3.4701379631806124,0.0
1565,1616,854.065151524744,inter,3.3488546950862386,0.0
1566,1617,807.3132951133836,inter,3.1929072882593452,0.0
1567,1618,751.2342446935186,inter,3.005847711130607,0.0
1568,1619,687.2420211355827,inter,2.7923926296223995,0.0
1569,1620,617.2121390778143,inter,2.558798087168071,0.0
1570,1621,543.6987300116435,inter,2.313583749367182,0.009523809523809523
1571,1622,470.35620545468834,inter,2.068939420933292,0.020634920634920638
1572,1623,402.68212955494283,inter,1.8432030019745955,0.01904761904761905
1573,1624,348.992308199811,inter,1.664113035157846,0.02857142857142858
1574,1625,320.1695059790224,inter,1.5679705157193193,0.01904761904761905
1575,1626,324.672719547685,inter,1.5829916193144693,0.006349206349206349
1576,1627,361.0247991421272,inter,1.7042491046993826,0.0
1577,1628,419.3313971884738,inter,1.8987389809135018,0.0
1578,1629,489.15062258236475,inter,2.1316308483729927,0.0
1579,1630,562.9749857607554,inter,2.3778824174447895,0.0
1580,1631,635.8792532885856,inter,2.621064877784836,0.0
1581,1632,704.5520767981659,inter,2.8501327601715913,0.0
1582,1633,766.6451870391994,inter,3.057253081527486,0.0
1583,1634,820.4188463655273,inter,3.2366227017142886,0.0
1584,1635,864.557861617698,inter,3.3838546085695658,0.0
1585,1636,898.0771263947647,inter,3.4956628408402617,0.0
1586,1637,920.2716269110043,inter,3.5696957256710053,0.0
1587,1638,930.6917897043684,inter,3.6044536474108644,0.0
1588,1639,929.1300317396876,inter,3.599244183586792,0.0
1589,1640,915.6179631165743,inter,3.5541727741415508,0.0
1590,1641,890.4249605810293,inter,3.4701379631806124,0.0
1591,1642,854.065151524744,inter,3.3488546950862386,0.0
1592,1643,807.3132951133836,inter,3.1929072882593452,0.0
1593,1644,751.2342446935186,inter,3.005847711130607,0.0
1594,1645,687.2420211355827,inter,2.7923926296223995,0.0
1595,1646,617.2121390778143,inter,2.558798087168071,0.0
1596,1647,543.6987300116435,inter,2.313583749367182,0.0
1597,1648,470.35620545468834,inter,2.068939420933292,0.0
1598,1649,402.68212955494283,inter,1.8432030019745955,0.0
1599,1650,348.992308199811,inter,1.664113035157846,0.0
1600,1651,320.1695059790224,inter,1.5679705157193193,0.0
1601,1652,324.672719547685,inter,1.5829916193144693,0.0
1602,1653,361.0247991421272,inter,1.7042491046993826,0.0
1603,1654,419.3313971884738,inter,1.8987389809135018,0.0
1604,1655,489.15062258236475,inter,2.1316308483729927,0.0
1605,1656,562.9749857607554,inter,2.3778824174447895,0.0
1606,1657,635.8792532885856,inter,2.621064877784836,0.0
1607,1658,704.5520767981659,inter,2.8501327601715913,0.0
1608,1659,766.6451870391994,inter,3.057253081527486,0.0
1609,1660,820.4188463655273,inter,3.2366227017142886,0.0
1610,1661,864.557861617698,inter,3.3838546085695658,0.0
1611,1662,898.0771263947647,inter,3.4956628408402617,0.0
1612,1715,926.9716963890672,inter,3.5920447518031535,0.0
1613,1664,931.4123491962002,inter,3.6068571751601577,0.0
1614,1665,923.8569076609749,inter,3.5816549349649582,0.0
1615,1666,904.4552554205208,inter,3.516937989215595,0.0
1616,1667,873.5987906248188,inter,3.4140119016096757,0.0
1617,1668,831.9287622328055,inter,3.2750156484350437,0.0
1618,1669,780.360325234072,inter,3.1030018581523886,0.0
1619,1670,720.122877826178,inter,2.9020713617357847,0.004761904761904762
1620,1671,652.8414025811916,inter,2.6776445175988774,0.004761904761904762
1621,1672,580.694864818332,inter,2.4369895716934016,0.02857142857142858
1622,1673,506.71727961833403,inter,2.190226908971586,0.01746031746031746
1623,1674,435.36714460360776,inter,1.9522284766870546,0.020634920634920638
1624,1675,373.443048861898,inter,1.745671927016583,0.06825396825396828
1625,1676,330.7845186761891,inter,1.6033783867777927,0.0
1626,1677,318.0671007564306,inter,1.5609576467611823,0.0
1627,1678,339.3875554643457,inter,1.6320750285997714,0.0
1628,1679,388.14412237904656,inter,1.794709429878475,0.0
1629,1680,453.3437114721217,inter,2.012191849309704,0.0
1630,1681,525.9179948562467,inter,2.2542736010265028,0.0
1631,1682,599.7775775063216,inter,2.5006426496103566,0.0
1632,1683,670.9089250367413,inter,2.737911285402454,0.0
1633,1684,736.5413369079137,inter,2.956837446217255,0.0
1634,1685,794.6627790175206,inter,3.150709708706283,0.0
1635,1686,843.7613065970063,inter,3.31448476798241,0.0
1636,1687,882.6950798140865,inter,3.444353856340464,0.0
1637,1688,910.6239329013114,inter,3.537514482440087,0.0
1638,1689,926.9716963890672,inter,3.5920447518031535,0.0
1639,1690,931.4123491962002,inter,3.6068571751601577,0.0
1640,1691,923.8569076609749,inter,3.5816549349649582,0.0
1641,1692,904.4552554205208,inter,3.516937989215595,0.0
1642,1693,873.5987906248188,inter,3.4140119016096757,0.0
1643,1694,831.9287622328055,inter,3.2750156484350437,0.0
1644,1695,780.360325234072,inter,3.1030018581523886,0.0
1645,1696,720.122877826178,inter,2.9020713617357847,0.0
1646,1697,652.8414025811916,inter,2.6776445175988774,0.0
1647,1698,580.694864818332,inter,2.4369895716934016,0.0
1648,1699,506.71727961833403,inter,2.190226908971586,0.0
1649,1700,435.36714460360776,inter,1.9522284766870546,0.0
1650,1701,373.443048861898,inter,1.745671927016583,0.0
1651,1702,330.7845186761891,inter,1.6033783867777927,0.0
1652,1703,318.0671007564306,inter,1.5609576467611823,0.0
1653,1704,339.3875554643457,inter,1.6320750285997714,0.0
1654,1705,388.14412237904656,inter,1.794709429878475,0.0
1655,1706,453.3437114721217,inter,2.012191849309704,0.0
1656,1707,525.9179948562467,inter,2.2542736010265028,0.0
1657,1708,599.7775775063216,inter,2.5006426496103566,0.0
1658,1709,670.9089250367413,inter,2.737911285402454,0.0
1659,1710,736.5413369079137,inter,2.956837446217255,0.0
1660,1711,794.6627790175206,inter,3.150709708706283,0.0
1661,1712,843.7613065970063,inter,3.31448476798241,0.0
1662,1713,882.6950798140865,inter,3.444353856340464,0.0
1663,1714,910.6239329013114,inter,3.537514482440087,0.0
1664,1767,930.6914011627135,inter,3.604452351375409,0.0
1665,1716,929.1302392598402,inter,3.5992448757995117,0.0
1666,1717,915.618194344404,inter,3.5541735454345686,0.0
1667,1718,890.4249074528559,inter,3.4701377859641016,0.0
1668,1719,854.065027232223,inter,3.3488542804910155,0.0
1669,1720,807.3131743855581,inter,3.1929068855546667,0.0
1670,1721,751.2342206942004,inter,3.0058476310774984,0.0031746031746031746
1671,1722,687.2420290936165,inter,2.792392656167543,0.0031746031746031746
1672,1723,617.2118012177783,inter,2.558796960188299,0.025396825396825404
1673,1724,543.6987204749873,inter,2.3135837175563214,0.026984126984126992
1674,1725,470.35623428975083,inter,2.0689395171167075,0.012698412698412697
1675,1726,402.6820852161337,inter,1.843202854076248,0.06031746031746035
1676,1727,348.9920592561601,inter,1.664112204771209,0.02857142857142858
1677,1728,320.1694160384646,inter,1.5679702157099116,0.03174603174603176
1678,1729,324.6727814605669,inter,1.5829918258336138,0.0
1679,1730,361.02456787967594,inter,1.7042483332908795,0.0
1680,1731,419.33131185708146,inter,1.898738696278615,0.0
1681,1732,489.1506068419944,inter,2.1316307958687686,0.0
1682,1733,562.9749011453954,inter,2.377882135198329,0.0
1683,1734,635.8791530180844,inter,2.621064543318446,0.0
1684,1735,704.5522688022676,inter,2.850133400628336,0.0
1685,1736,766.6450936146435,inter,3.057252769896712,0.0
1686,1737,820.4186720889359,inter,3.236622120390153,0.0
1687,1738,864.5578355416869,inter,3.3838545215893556,0.0
1688,1739,898.0769399622538,inter,3.4956622189683437,0.0
1689,1740,920.2717144491342,inter,3.569696017666776,0.0
1690,1741,930.6914011627135,inter,3.604452351375409,0.0
1691,1742,929.1302392598402,inter,3.5992448757995117,0.0
1692,1743,915.618194344404,inter,3.5541735454345686,0.0
1693,1744,890.4249074528559,inter,3.4701377859641016,0.0
1694,1745,854.065027232223,inter,3.3488542804910155,0.0
1695,1746,807.3131743855581,inter,3.1929068855546667,0.0
1696,1747,751.2342206942004,inter,3.0058476310774984,0.0
1697,1748,687.2420290936165,inter,2.792392656167543,0.0
1698,1749,617.2118012177783,inter,2.558796960188299,0.0
1699,1750,543.6987204749873,inter,2.3135837175563214,0.0
1700,1751,470.35623428975083,inter,2.0689395171167075,0.0
1701,1752,402.6820852161337,inter,1.843202854076248,0.0
1702,1753,348.9920592561601,inter,1.664112204771209,0.0
1703,1754,320.1694160384646,inter,1.5679702157099116,0.0
1704,1755,324.6727814605669,inter,1.5829918258336138,0.0
1705,1756,361.02456787967594,inter,1.7042483332908795,0.0
1706,1757,419.33131185708146,inter,1.898738696278615,0.0
1707,1758,489.1506068419944,inter,2.1316307958687686,0.0
1708,1759,562.9749011453954,inter,2.377882135198329,0.0
1709,1760,635.8791530180844,inter,2.621064543318446,0.0
1710,1761,704.5522688022676,inter,2.850133400628336,0.0
1711,1762,766.6450936146435,inter,3.057252769896712,0.0
1712,1763,820.4186720889359,inter,3.236622120390153,0.0
1713,1764,864.5578355416869,inter,3.3838545215893556,0.0
1714,1765,898.0769399622538,inter,3.4956622189683437,0.0
1715,1766,920.2717144491342,inter,3.569696017666776,0.0
1716,1819,931.4120579438992,inter,3.6068562036470553,0.0
1717,1768,923.8569006721161,inter,3.5816549116526346,0.0
1718,1769,904.4554104073085,inter,3.5169385061958716,0.0
1719,1770,873.5987822300026,inter,3.414011873607583,0.0
1720,1771,831.9288762849741,inter,3.2750160288721277,0.009523809523809523
1721,1772,780.3603810701908,inter,3.1030020444016335,0.006349206349206349
1722,1773,720.1228243546869,inter,2.9020711833740895,0.01904761904761905
1723,1774,652.8415072188463,inter,2.6776448666325234,0.025396825396825404
1724,1775,580.6948464185907,inter,2.4369895103184707,0.023809523809523815
1725,1776,506.7173383626657,inter,2.1902271049215845,0.01904761904761905
1726,1777,435.367256949965,inter,1.9522288514341646,0.05238095238095241
1727,1778,373.44315382751677,inter,1.7456722771441995,0.023809523809523815
1728,1779,330.78457157676377,inter,1.6033785632351159,0.026984126984126992
1729,1780,318.06707841218685,inter,1.5609575722288078,0.0
1730,1781,339.3876435541196,inter,1.6320753224356286,0.0
1731,1782,388.14411111553716,inter,1.7947093923074515,0.0
1732,1783,453.3437036349051,inter,2.012191823167563,0.0
1733,1784,525.9181818742551,inter,2.2542742248514305,0.0
1734,1785,599.7776442004272,inter,2.5006428720779468,0.0
1735,1786,670.9086411337935,inter,2.7379103384041557,0.0
1736,1787,736.5416271663786,inter,2.9568384144152775,0.0
1737,1788,794.6627102727175,inter,3.150709479398303,0.0
1738,1789,843.7614237783359,inter,3.3144851588572517,0.0
1739,1790,882.695132228782,inter,3.4443540311770686,0.0
1740,1791,910.623644035834,inter,3.5375135188885705,0.0
1741,1792,926.9721485575182,inter,3.5920462600747554,0.0
1742,1793,931.4120579438992,inter,3.6068562036470553,0.0
1743,1794,923.8569006721161,inter,3.5816549116526346,0.0
1744,1795,904.4554104073085,inter,3.5169385061958716,0.0
1745,1796,873.5987822300026,inter,3.414011873607583,0.0
1746,1797,831.9288762849741,inter,3.2750160288721277,0.0
1747,1798,780.3603810701908,inter,3.1030020444016335,0.0
1748,1799,720.1228243546869,inter,2.9020711833740895,0.0
1749,1800,652.8415072188463,inter,2.6776448666325234,0.0
1750,1801,580.6948464185907,inter,2.4369895103184707,0.0
1751,1802,506.7173383626657,inter,2.1902271049215845,0.0
1752,1803,435.367256949965,inter,1.9522288514341646,0.0
1753,1804,373.44315382751677,inter,1.7456722771441995,0.0
1754,1805,330.78457157676377,inter,1.6033785632351159,0.0
1755,1806,318.06707841218685,inter,1.5609575722288078,0.0
1756,1807,339.3876435541196,inter,1.6320753224356286,0.0
1757,1808,388.14411111553716,inter,1.7947093923074515,0.0
1758,1809,453.3437036349051,inter,2.012191823167563,0.0
1759,1810,525.9181818742551,inter,2.2542742248514305,0.0
1760,1811,599.7776442004272,inter,2.5006428720779468,0.0
1761,1812,670.9086411337935,inter,2.7379103384041557,0.0
1762,1813,736.5416271663786,inter,2.9568384144152775,0.0
1763,1814,794.6627102727175,inter,3.150709479398303,0.0
1764,1815,843.7614237783359,inter,3.3144851588572517,0.0
1765,1816,882.695132228782,inter,3.4443540311770686,0.0
1766,1817,910.623644035834,inter,3.5375135188885705,0.0
1767,1818,926.9721485575182,inter,3.5920462600747554,0.0
1768,1871,929.1301457560127,inter,3.5992445639043154,0.0
1769,1820,915.6180900125952,inter,3.554173197421115,0.0031746031746031746
1770,1821,890.4249124828943,inter,3.470137802742504,0.0015873015873015873
1771,1822,854.0650193812884,inter,3.348854254303117,0.01746031746031746
1772,1823,807.313110116336,inter,3.1929066711756176,0.012698412698412697
1773,1824,751.2343044294978,inter,3.0058479103883857,0.03174603174603176
1774,1825,687.2421651069606,inter,2.7923931098592236,0.03333333333333335
1775,1826,617.2118285035939,inter,2.558797051203983,0.022222222222222227
1776,1827,543.6987179790353,inter,2.3135837092307217,0.022222222222222227
1777,1828,470.35608179396843,inter,2.068939008445531,0.05238095238095241
1778,1829,402.6821408913986,inter,1.8432030397889418,0.020634920634920638
1779,1830,348.9921602143462,inter,1.664112541531469,0.023809523809523815
1780,1831,320.1693985261551,inter,1.5679701572951348,0.0
1781,1832,324.6728362538731,inter,1.5829920086044096,0.0
1782,1833,361.02459892267797,inter,1.7042484368391884,0.0
1783,1834,419.3314125026484,inter,1.8987390319960897,0.0
1784,1835,489.1504156462041,inter,2.131630158108261,0.0
1785,1836,562.9749403924712,inter,2.3778822661124828,0.0
1786,1837,635.8792985831549,inter,2.6210650288712563,0.0
1787,1838,704.551914231037,inter,2.8501322179060193,0.0
1788,1839,766.6453510512418,inter,3.0572536286127714,0.0
1789,1840,820.4187726907381,inter,3.2366224559616446,0.0
1790,1841,864.5581085859179,inter,3.3838554323668744,0.0
1791,1842,898.0772085867785,inter,3.4956631150033086,0.0
1792,1843,920.2715046587311,inter,3.569695317881316,0.0
1793,1844,930.6915678423283,inter,3.6044529073587577,0.0
1794,1845,929.1301457560127,inter,3.5992445639043154,0.0
1795,1846,915.6180900125952,inter,3.554173197421115,0.0
1796,1847,890.4249124828943,inter,3.470137802742504,0.0
1797,1848,854.0650193812884,inter,3.348854254303117,0.0
1798,1849,807.313110116336,inter,3.1929066711756176,0.0
1799,1850,751.2343044294978,inter,3.0058479103883857,0.0
1800,1851,687.2421651069606,inter,2.7923931098592236,0.0
1801,1852,617.2118285035939,inter,2.558797051203983,0.0
1802,1853,543.6987179790353,inter,2.3135837092307217,0.0
1803,1854,470.35608179396843,inter,2.068939008445531,0.0
1804,1855,402.6821408913986,inter,1.8432030397889418,0.0
1805,1856,348.9921602143462,inter,1.664112541531469,0.0
1806,1857,320.1693985261551,inter,1.5679701572951348,0.0
1807,1858,324.6728362538731,inter,1.5829920086044096,0.0
1808,1859,361.02459892267797,inter,1.7042484368391884,0.0
1809,1860,419.3314125026484,inter,1.8987390319960897,0.0
1810,1861,489.1504156462041,inter,2.131630158108261,0.0
1811,1862,562.9749403924712,inter,2.3778822661124828,0.0
1812,1863,635.8792985831549,inter,2.6210650288712563,0.0
1813,1864,704.551914231037,inter,2.8501322179060193,0.0
1814,1865,766.6453510512418,inter,3.0572536286127714,0.0
1815,1866,820.4187726907381,inter,3.2366224559616446,0.0
1816,1867,864.5581085859179,inter,3.3838554323668744,0.0
1817,1868,898.0772085867785,inter,3.4956631150033086,0.0
1818,1869,920.2715046587311,inter,3.569695317881316,0.0
1819,1870,930.6915678423283,inter,3.6044529073587577,0.0
1820,1923,923.8567871118099,inter,3.5816545328562266,0.0031746031746031746
1821,1872,904.4553636673911,inter,3.516938350288289,0.004761904761904762
1822,1873,873.5987241447315,inter,3.4140116798559736,0.020634920634920638
1823,1874,831.9288809255772,inter,3.2750160443515135,0.014285714285714284
1824,1875,780.3602212275478,inter,3.1030015112239675,0.03174603174603176
1825,1876,720.1227036473098,inter,2.9020707807376187,0.034920634920634935
1826,1877,652.8416137039973,inter,2.6776452218287536,0.022222222222222227
1827,1878,580.6947766383536,inter,2.436989277556654,0.034920634920634935
1828,1879,506.71723783980525,inter,2.190226769613415,0.026984126984126992
1829,1880,435.36735431376496,inter,1.952229176204843,0.01746031746031746
1830,1881,373.4430569270022,inter,1.745671953918875,0.01904761904761905
1831,1882,330.78460931115933,inter,1.603378689103511,0.0
1832,1883,318.0670453250472,inter,1.56095746186199,0.0
1833,1884,339.3877489470075,inter,1.6320756739884614,0.0
1834,1885,388.1439883030286,inter,1.7947089826490186,0.0
1835,1886,453.3437428588853,inter,2.012191954004678,0.0
1836,1887,525.9179743219443,inter,2.2542735325314434,0.0
1837,1888,599.7776259463359,inter,2.500642811188852,0.0
1838,1889,670.9090532413792,inter,2.7379117130470947,0.0
1839,1890,736.5413633886993,inter,2.956837534547648,0.0
1840,1891,794.6625083152211,inter,3.1507088057406074,0.0
1841,1892,843.7610801054708,inter,3.314484012487969,0.0
1842,1893,882.6950998804689,inter,3.444353923274711,0.0
1843,1894,910.6238421535139,inter,3.537514179738017,0.0
1844,1895,926.9719933907344,inter,3.592045742494077,0.0
1845,1896,931.412263828995,inter,3.6068568904058123,0.0
1846,1897,923.8567871118099,inter,3.5816545328562266,0.0
1847,1898,904.4553636673911,inter,3.516938350288289,0.0
1848,1899,873.5987241447315,inter,3.4140116798559736,0.0
1849,1900,831.9288809255772,inter,3.2750160443515135,0.0
1850,1901,780.3602212275478,inter,3.1030015112239675,0.0
1851,1902,720.1227036473098,inter,2.9020707807376187,0.0
1852,1903,652.8416137039973,inter,2.6776452218287536,0.0
1853,1904,580.6947766383536,inter,2.436989277556654,0.0
1854,1905,506.71723783980525,inter,2.190226769613415,0.0
1855,1906,435.36735431376496,inter,1.952229176204843,0.0
1856,1907,373.4430569270022,inter,1.745671953918875,0.0
1857,1908,330.78460931115933,inter,1.603378689103511,0.0
1858,1909,318.0670453250472,inter,1.56095746186199,0.0
1859,1910,339.3877489470075,inter,1.6320756739884614,0.0
1860,1911,388.1439883030286,inter,1.7947089826490186,0.0
1861,1912,453.3437428588853,inter,2.012191954004678,0.0
1862,1913,525.9179743219443,inter,2.2542735325314434,0.0
1863,1914,599.7776259463359,inter,2.500642811188852,0.0
1864,1915,670.9090532413792,inter,2.7379117130470947,0.0
1865,1916,736.5413633886993,inter,2.956837534547648,0.0
1866,1917,794.6625083152211,inter,3.1507088057406074,0.0
1867,1918,843.7610801054708,inter,3.314484012487969,0.0
1868,1919,882.6950998804689,inter,3.444353923274711,0.0
1869,1920,910.6238421535139,inter,3.537514179738017,0.0
1870,1921,926.9719933907344,inter,3.592045742494077,0.0
1871,1922,931.412263828995,inter,3.6068568904058123,0.0
1872,1975,915.6181747688789,inter,3.5541734801376457,0.006349206349206349
1873,1924,890.4249002704964,inter,3.4701377620063294,0.022222222222222227
1874,1925,854.06502956365,inter,3.348854288267819,0.01746031746031746
1875,1926,807.3131665928627,inter,3.1929068595610324,0.02857142857142858
1876,1927,751.2342755557381,inter,3.0058478140758904,0.02857142857142858
1877,1928,687.2420668412633,inter,2.7923927820801393,0.006349206349206349
1878,1929,617.2119712762214,inter,2.5587975274422066,0.025396825396825404
1879,1930,543.6988468394006,inter,2.3135841390626335,0.03015873015873017
1880,1931,470.3559808556352,inter,2.068938671751493,0.01111111111111111
1881,1932,402.68213783125657,inter,1.8432030295814066,0.012698412698412697
1882,1933,348.99212452202454,inter,1.6641124224746993,0.0
1883,1934,320.16944210729326,inter,1.5679703026661642,0.0
1884,1935,324.67287832791874,inter,1.5829921489483192,0.0
1885,1936,361.0246702743556,inter,1.7042486748427663,0.0
1886,1937,419.3314767707103,inter,1.8987392463712691,0.0
1887,1938,489.1506666133161,inter,2.1316309952444374,0.0
1888,1939,562.9750355110504,inter,2.3778825833939106,0.0
1889,1940,635.8789420106423,inter,2.621063839473381,0.0
1890,1941,704.5520176252228,inter,2.8501325627918996,0.0
1891,1942,766.645311294719,inter,3.057253495999286,0.0
1892,1943,820.4188811468525,inter,3.2366228177323015,0.0
1893,1944,864.5580094984678,inter,3.3838551018467173,0.0
1894,1945,898.0770875514623,inter,3.495662711272951,0.0
1895,1946,920.271585835551,inter,3.569695588658041,0.0
1896,1947,930.691606722295,inter,3.604453037048367,0.0
1897,1948,929.1302163844318,inter,3.5992447994953625,0.0
1898,1949,915.6181747688789,inter,3.5541734801376457,0.0
1899,1950,890.4249002704964,inter,3.4701377620063294,0.0
1900,1951,854.06502956365,inter,3.348854288267819,0.0
1901,1952,807.3131665928627,inter,3.1929068595610324,0.0
1902,1953,751.2342755557381,inter,3.0058478140758904,0.0
1903,1954,687.2420668412633,inter,2.7923927820801393,0.0
1904,1955,617.2119712762214,inter,2.5587975274422066,0.0
1905,1956,543.6988468394006,inter,2.3135841390626335,0.0
1906,1957,470.3559808556352,inter,2.068938671751493,0.0
1907,1958,402.68213783125657,inter,1.8432030295814066,0.0
1908,1959,348.99212452202454,inter,1.6641124224746993,0.0
1909,1960,320.16944210729326,inter,1.5679703026661642,0.0
1910,1961,324.67287832791874,inter,1.5829921489483192,0.0
1911,1962,361.0246702743556,inter,1.7042486748427663,0.0
1912,1963,419.3314767707103,inter,1.8987392463712691,0.0
1913,1964,489.1506666133161,inter,2.1316309952444374,0.0
1914,1965,562.9750355110504,inter,2.3778825833939106,0.0
1915,1966,635.8789420106423,inter,2.621063839473381,0.0
1916,1967,704.5520176252228,inter,2.8501325627918996,0.0
1917,1968,766.645311294719,inter,3.057253495999286,0.0
1918,1969,820.4188811468525,inter,3.2366228177323015,0.0
1919,1970,864.5580094984678,inter,3.3838551018467173,0.0
1920,1971,898.0770875514623,inter,3.495662711272951,0.0
1921,1972,920.271585835551,inter,3.569695588658041,0.0
1922,1973,930.691606722295,inter,3.604453037048367,0.0
1923,1974,929.1302163844318,inter,3.5992447994953625,0.004761904761904762
18,1924,904.4554085800625,inter,3.5169385001008346,0.022222222222222227
19,1925,873.5987566289277,inter,3.4140117882115892,0.012698412698412697
20,1926,831.9288485575926,inter,3.2750159363835385,0.026984126984126992
21,1927,780.3604722003839,inter,3.1030023483792375,0.015873015873015872
22,1928,720.1229924918143,inter,2.9020717442191772,0.015873015873015872
23,1929,652.8414975778479,inter,2.677644834473614,0.009523809523809523
24,1930,580.6948000544826,inter,2.436989355664453,0.014285714285714284
25,1931,506.71735798712723,inter,2.1902271703817418,0.006349206349206349
26,1932,435.36716636144286,inter,1.9522285492633802,0.006349206349206349
27,1933,373.44318619686635,inter,1.7456723851167275,0.0
28,1934,330.78453376331777,inter,1.6033784371030368,0.0
29,1935,318.0669174190888,inter,1.560957035213637,0.0
30,1936,339.38769851931863,inter,1.6320755057797973,0.0
31,1937,388.14414363457803,inter,1.794709500779296,0.0
32,1938,453.34382094682195,inter,2.0121922144779973,0.0
33,1939,525.9180264060147,inter,2.2542737062652014,0.0
34,1940,599.7777389654012,inter,2.500643188179875,0.0
35,1941,670.9087302127748,inter,2.7379106355396536,0.0
36,1942,736.5414055654817,inter,2.956837675234251,0.0
37,1943,794.6626265563023,inter,3.1507092001503993,0.0
38,1944,843.7611707894935,inter,3.3144843149773084,0.0
39,1945,882.6951521727688,inter,3.4443540977030476,0.0
40,1946,910.6238331453269,inter,3.5375141496899394,0.0
41,1947,926.9719245427058,inter,3.592045512841773,0.0
42,1948,931.4121975451097,inter,3.6068566693065702,0.0
43,1949,923.8567850668519,inter,3.581654526034981,0.0
44,1950,904.4554085800625,inter,3.5169385001008346,0.0
45,1951,873.5987566289277,inter,3.4140117882115892,0.0
46,1952,831.9288485575926,inter,3.2750159363835385,0.0
47,1953,780.3604722003839,inter,3.1030023483792375,0.0
48,1954,720.1229924918143,inter,2.9020717442191772,0.0
49,1955,652.8414975778479,inter,2.677644834473614,0.0
50,1956,580.6948000544826,inter,2.436989355664453,0.0
51,1957,506.71735798712723,inter,2.1902271703817418,0.0
0,1958,435.36716636144286,inter,1.9522285492633802,0.0
1,1959,373.44318619686635,inter,1.7456723851167275,0.0
2,1960,330.78453376331777,inter,1.6033784371030368,0.0
3,1961,318.0669174190888,inter,1.560957035213637,0.0
4,1962,339.38769851931863,inter,1.6320755057797973,0.0
5,1963,388.14414363457803,inter,1.794709500779296,0.0
6,1964,453.34382094682195,inter,2.0121922144779973,0.0
7,1965,525.9180264060147,inter,2.2542737062652014,0.0
8,1966,599.7777389654012,inter,2.500643188179875,0.0
9,1967,670.9087302127748,inter,2.7379106355396536,0.0
10,1968,736.5414055654817,inter,2.956837675234251,0.0
11,1969,794.6626265563023,inter,3.1507092001503993,0.0
12,1970,843.7611707894935,inter,3.3144843149773084,0.0
13,1971,882.6951521727688,inter,3.4443540977030476,0.0
14,1972,910.6238331453269,inter,3.5375141496899394,0.0
15,1973,926.9719245427058,inter,3.592045512841773,0.0
16,1974,931.4121975451097,inter,3.6068566693065702,0.0
17,1975,923.8567850668519,inter,3.581654526034981,0.004761904761904762
